Name,Type,Business Name,Connector,Database,Schema,Lineage Depth,Description,Owner users,Owner groups,Certification Status,Certification Message,Tags,Propagated Tags,Terms,Announcement Type,Announcement Title,Announcement Message,Last Refresh on Source,Usage,Popularity,Qualified Name,Source Asset GUID,Impacted Asset GUID,Atlan URL,Immediate upstream,Immediate downstream
SQL_SOURCE_ORG,Table,,powerbi,,,1,,,,,,,,,,,,,,NO USAGE,default/powerbi/1715713576/c2fdcbf8-d5b6-475d-ace7-9dd66cd57c78/adeee245-ecd2-4b68-8169-ac8a72709102/SQL_SOURCE_ORG,2123721c-4718-4a03-a2b1-015e2184a80a,6f6ec493-f079-4b09-afca-654e5c375e38,https://employbridge.atlan.com/assets/6f6ec493-f079-4b09-afca-654e5c375e38/overview?utm_source=impact_analysis_report,CANDIDATE_FUNNEL_POC (default/snowflake/1715075875/PROD_ENTERPRISE/OPERATIONS/CANDIDATE_FUNNEL_POC),New Candidate Funnel Dashboard (default/powerbi/1715713576/c2fdcbf8-d5b6-475d-ace7-9dd66cd57c78/adeee245-ecd2-4b68-8169-ac8a72709102)
Metric Selector,Table,,powerbi,,,1,,,,,,,,,,,,,,NO USAGE,default/powerbi/1715713576/c2fdcbf8-d5b6-475d-ace7-9dd66cd57c78/adeee245-ecd2-4b68-8169-ac8a72709102/Metric Selector,2123721c-4718-4a03-a2b1-015e2184a80a,2069963f-d74e-4a13-b504-1ae7e2d36337,https://employbridge.atlan.com/assets/2069963f-d74e-4a13-b504-1ae7e2d36337/overview?utm_source=impact_analysis_report,,New Candidate Funnel Dashboard (default/powerbi/1715713576/c2fdcbf8-d5b6-475d-ace7-9dd66cd57c78/adeee245-ecd2-4b68-8169-ac8a72709102)
Metrics_Definitions,Table,,powerbi,,,1,,,,,,,,,,,,,,NO USAGE,default/powerbi/1715713576/c2fdcbf8-d5b6-475d-ace7-9dd66cd57c78/adeee245-ecd2-4b68-8169-ac8a72709102/Metrics_Definitions,2123721c-4718-4a03-a2b1-015e2184a80a,d81b5509-f72b-4b8e-8e16-92b9f4fcfdd1,https://employbridge.atlan.com/assets/d81b5509-f72b-4b8e-8e16-92b9f4fcfdd1/overview?utm_source=impact_analysis_report,,New Candidate Funnel Dashboard (default/powerbi/1715713576/c2fdcbf8-d5b6-475d-ace7-9dd66cd57c78/adeee245-ecd2-4b68-8169-ac8a72709102)
VW_APOLLO_DASHBOARD,Table,,powerbi,,,1,,,,,,,,,,,,,,NO USAGE,default/powerbi/1715713576/c2fdcbf8-d5b6-475d-ace7-9dd66cd57c78/adeee245-ecd2-4b68-8169-ac8a72709102/VW_APOLLO_DASHBOARD,2123721c-4718-4a03-a2b1-015e2184a80a,ca4d808d-d0ef-49c4-9e32-a059b869b706,https://employbridge.atlan.com/assets/ca4d808d-d0ef-49c4-9e32-a059b869b706/overview?utm_source=impact_analysis_report,VW_APOLLO_DASHBOARD (default/snowflake/1715075875/PROD_ENTERPRISE/OPERATIONS/VW_APOLLO_DASHBOARD),New Candidate Funnel Dashboard (default/powerbi/1715713576/c2fdcbf8-d5b6-475d-ace7-9dd66cd57c78/adeee245-ecd2-4b68-8169-ac8a72709102)
VW_ACCOUNTINGUNIT_MSA,Table,,powerbi,,,1,,,,,,,,,,,,,,NO USAGE,default/powerbi/1715713576/c2fdcbf8-d5b6-475d-ace7-9dd66cd57c78/adeee245-ecd2-4b68-8169-ac8a72709102/VW_ACCOUNTINGUNIT_MSA,2123721c-4718-4a03-a2b1-015e2184a80a,851306dc-25ac-465d-9de8-021932e3b12d,https://employbridge.atlan.com/assets/851306dc-25ac-465d-9de8-021932e3b12d/overview?utm_source=impact_analysis_report,VW_ACCOUNTINGUNIT_MSA (default/snowflake/1715075875/DEV_SANDBOX_MERILYTICS/DATAWAREHOUSE/VW_ACCOUNTINGUNIT_MSA),New Candidate Funnel Dashboard (default/powerbi/1715713576/c2fdcbf8-d5b6-475d-ace7-9dd66cd57c78/adeee245-ecd2-4b68-8169-ac8a72709102)
Days to First Payment,Table,,powerbi,,,1,,,,,,,,,,,,,,NO USAGE,default/powerbi/1715713576/c2fdcbf8-d5b6-475d-ace7-9dd66cd57c78/adeee245-ecd2-4b68-8169-ac8a72709102/Days to First Payment,2123721c-4718-4a03-a2b1-015e2184a80a,49f3d223-3d2e-4c97-adc5-f5073f6e81bd,https://employbridge.atlan.com/assets/49f3d223-3d2e-4c97-adc5-f5073f6e81bd/overview?utm_source=impact_analysis_report,,New Candidate Funnel Dashboard (default/powerbi/1715713576/c2fdcbf8-d5b6-475d-ace7-9dd66cd57c78/adeee245-ecd2-4b68-8169-ac8a72709102)
Days to Payment from Assignment,Table,,powerbi,,,1,,,,,,,,,,,,,,NO USAGE,default/powerbi/1715713576/c2fdcbf8-d5b6-475d-ace7-9dd66cd57c78/adeee245-ecd2-4b68-8169-ac8a72709102/Days to Payment from Assignment,2123721c-4718-4a03-a2b1-015e2184a80a,1472241d-fbf0-4134-9e14-0a360751e308,https://employbridge.atlan.com/assets/1472241d-fbf0-4134-9e14-0a360751e308/overview?utm_source=impact_analysis_report,,New Candidate Funnel Dashboard (default/powerbi/1715713576/c2fdcbf8-d5b6-475d-ace7-9dd66cd57c78/adeee245-ecd2-4b68-8169-ac8a72709102)
CANDIDATE_FUNNEL_PRODRIVERS_LICENSE,Table,,powerbi,,,1,,,,,,,,,,,,,,NO USAGE,default/powerbi/1715713576/c2fdcbf8-d5b6-475d-ace7-9dd66cd57c78/adeee245-ecd2-4b68-8169-ac8a72709102/CANDIDATE_FUNNEL_PRODRIVERS_LICENSE,2123721c-4718-4a03-a2b1-015e2184a80a,803306a6-1d25-4a05-833c-251fd1b107c1,https://employbridge.atlan.com/assets/803306a6-1d25-4a05-833c-251fd1b107c1/overview?utm_source=impact_analysis_report,CANDIDATE_FUNNEL_PRODRIVERS_LICENSE (default/snowflake/1715075875/PROD_ENTERPRISE/OPERATIONS/CANDIDATE_FUNNEL_PRODRIVERS_LICENSE),New Candidate Funnel Dashboard (default/powerbi/1715713576/c2fdcbf8-d5b6-475d-ace7-9dd66cd57c78/adeee245-ecd2-4b68-8169-ac8a72709102)
ZIP_MSA_RAW,Table,,powerbi,,,1,,,,,,,,,,,,,,NO USAGE,default/powerbi/1715713576/c2fdcbf8-d5b6-475d-ace7-9dd66cd57c78/adeee245-ecd2-4b68-8169-ac8a72709102/ZIP_MSA_RAW,2123721c-4718-4a03-a2b1-015e2184a80a,ee1b49b5-e693-4429-b229-78abf044ff16,https://employbridge.atlan.com/assets/ee1b49b5-e693-4429-b229-78abf044ff16/overview?utm_source=impact_analysis_report,ZIP_MSA_RAW (default/snowflake/1715075875/PROD_EDW/ODS/ZIP_MSA_RAW),New Candidate Funnel Dashboard (default/powerbi/1715713576/c2fdcbf8-d5b6-475d-ace7-9dd66cd57c78/adeee245-ecd2-4b68-8169-ac8a72709102)
Parameter,Table,,powerbi,,,1,,,,,,,,,,,,,,NO USAGE,default/powerbi/1715713576/c2fdcbf8-d5b6-475d-ace7-9dd66cd57c78/adeee245-ecd2-4b68-8169-ac8a72709102/Parameter,2123721c-4718-4a03-a2b1-015e2184a80a,42105b47-225e-4b47-96fa-3f2c8c821bf1,https://employbridge.atlan.com/assets/42105b47-225e-4b47-96fa-3f2c8c821bf1/overview?utm_source=impact_analysis_report,,New Candidate Funnel Dashboard (default/powerbi/1715713576/c2fdcbf8-d5b6-475d-ace7-9dd66cd57c78/adeee245-ecd2-4b68-8169-ac8a72709102)
Month_Table,Table,,powerbi,,,1,,,,,,,,,,,,,,NO USAGE,default/powerbi/1715713576/c2fdcbf8-d5b6-475d-ace7-9dd66cd57c78/adeee245-ecd2-4b68-8169-ac8a72709102/Month_Table,2123721c-4718-4a03-a2b1-015e2184a80a,15a3dc0a-b87b-4373-ac6b-b303460ebc63,https://employbridge.atlan.com/assets/15a3dc0a-b87b-4373-ac6b-b303460ebc63/overview?utm_source=impact_analysis_report,,New Candidate Funnel Dashboard (default/powerbi/1715713576/c2fdcbf8-d5b6-475d-ace7-9dd66cd57c78/adeee245-ecd2-4b68-8169-ac8a72709102)
Time Hierarchy,Table,,powerbi,,,1,,,,,,,,,,,,,,NO USAGE,default/powerbi/1715713576/c2fdcbf8-d5b6-475d-ace7-9dd66cd57c78/adeee245-ecd2-4b68-8169-ac8a72709102/Time Hierarchy,2123721c-4718-4a03-a2b1-015e2184a80a,28300a80-3e15-4570-8c4a-ca6713b0da90,https://employbridge.atlan.com/assets/28300a80-3e15-4570-8c4a-ca6713b0da90/overview?utm_source=impact_analysis_report,,New Candidate Funnel Dashboard (default/powerbi/1715713576/c2fdcbf8-d5b6-475d-ace7-9dd66cd57c78/adeee245-ecd2-4b68-8169-ac8a72709102)
Metrics_Definitions_Org,Table,,powerbi,,,1,,,,,,,,,,,,,,NO USAGE,default/powerbi/1715713576/c2fdcbf8-d5b6-475d-ace7-9dd66cd57c78/adeee245-ecd2-4b68-8169-ac8a72709102/Metrics_Definitions_Org,2123721c-4718-4a03-a2b1-015e2184a80a,88e22bf1-e57f-46ec-bfef-cc39dfaa965e,https://employbridge.atlan.com/assets/88e22bf1-e57f-46ec-bfef-cc39dfaa965e/overview?utm_source=impact_analysis_report,,New Candidate Funnel Dashboard (default/powerbi/1715713576/c2fdcbf8-d5b6-475d-ace7-9dd66cd57c78/adeee245-ecd2-4b68-8169-ac8a72709102)
VW_USERBRANCH,Table,,powerbi,,,1,,,,,,,,,,,,,,NO USAGE,default/powerbi/1715713576/c2fdcbf8-d5b6-475d-ace7-9dd66cd57c78/adeee245-ecd2-4b68-8169-ac8a72709102/VW_USERBRANCH,2123721c-4718-4a03-a2b1-015e2184a80a,cb038e9b-111f-466d-8b2f-c548cab2196e,https://employbridge.atlan.com/assets/cb038e9b-111f-466d-8b2f-c548cab2196e/overview?utm_source=impact_analysis_report,VW_USERBRANCH (default/snowflake/1715075875/PROD_EDW/ENT/VW_USERBRANCH),New Candidate Funnel Dashboard (default/powerbi/1715713576/c2fdcbf8-d5b6-475d-ace7-9dd66cd57c78/adeee245-ecd2-4b68-8169-ac8a72709102)
Calcs_Org,Table,,powerbi,,,1,,,,,,,,,,,,,,NO USAGE,default/powerbi/1715713576/c2fdcbf8-d5b6-475d-ace7-9dd66cd57c78/adeee245-ecd2-4b68-8169-ac8a72709102/Calcs_Org,2123721c-4718-4a03-a2b1-015e2184a80a,7509893f-5169-4de9-bdcf-6cbe5492edd3,https://employbridge.atlan.com/assets/7509893f-5169-4de9-bdcf-6cbe5492edd3/overview?utm_source=impact_analysis_report,,New Candidate Funnel Dashboard (default/powerbi/1715713576/c2fdcbf8-d5b6-475d-ace7-9dd66cd57c78/adeee245-ecd2-4b68-8169-ac8a72709102)
DATE_DIM,Table,,powerbi,,,1,,,,,,,,,,,,,,NO USAGE,default/powerbi/1715713576/c2fdcbf8-d5b6-475d-ace7-9dd66cd57c78/adeee245-ecd2-4b68-8169-ac8a72709102/DATE_DIM,2123721c-4718-4a03-a2b1-015e2184a80a,ca9a6d9b-156c-4bec-9c6a-7f17c42fa92e,https://employbridge.atlan.com/assets/ca9a6d9b-156c-4bec-9c6a-7f17c42fa92e/overview?utm_source=impact_analysis_report,DATE_DIM (default/snowflake/1715075875/PROD_EDW/ENT/DATE_DIM),New Candidate Funnel Dashboard (default/powerbi/1715713576/c2fdcbf8-d5b6-475d-ace7-9dd66cd57c78/adeee245-ecd2-4b68-8169-ac8a72709102)
Base Year,Table,,powerbi,,,1,,,,,,,,,,,,,,NO USAGE,default/powerbi/1715713576/c2fdcbf8-d5b6-475d-ace7-9dd66cd57c78/adeee245-ecd2-4b68-8169-ac8a72709102/Base Year,2123721c-4718-4a03-a2b1-015e2184a80a,67367003-76b4-4d29-9c25-2c4b2246342a,https://employbridge.atlan.com/assets/67367003-76b4-4d29-9c25-2c4b2246342a/overview?utm_source=impact_analysis_report,,New Candidate Funnel Dashboard (default/powerbi/1715713576/c2fdcbf8-d5b6-475d-ace7-9dd66cd57c78/adeee245-ecd2-4b68-8169-ac8a72709102)
Comparison Year,Table,,powerbi,,,1,,,,,,,,,,,,,,NO USAGE,default/powerbi/1715713576/c2fdcbf8-d5b6-475d-ace7-9dd66cd57c78/adeee245-ecd2-4b68-8169-ac8a72709102/Comparison Year,2123721c-4718-4a03-a2b1-015e2184a80a,cf89741e-d1d0-4354-8d8d-92c4aa86c0c9,https://employbridge.atlan.com/assets/cf89741e-d1d0-4354-8d8d-92c4aa86c0c9/overview?utm_source=impact_analysis_report,,New Candidate Funnel Dashboard (default/powerbi/1715713576/c2fdcbf8-d5b6-475d-ace7-9dd66cd57c78/adeee245-ecd2-4b68-8169-ac8a72709102)
Metric Definitions,Table,,powerbi,,,1,,,,,,,,,,,,,,NO USAGE,default/powerbi/1715713576/c2fdcbf8-d5b6-475d-ace7-9dd66cd57c78/adeee245-ecd2-4b68-8169-ac8a72709102/Metric Definitions,2123721c-4718-4a03-a2b1-015e2184a80a,f6e774fe-40cf-4e64-bff7-dcf53eaccd49,https://employbridge.atlan.com/assets/f6e774fe-40cf-4e64-bff7-dcf53eaccd49/overview?utm_source=impact_analysis_report,,New Candidate Funnel Dashboard (default/powerbi/1715713576/c2fdcbf8-d5b6-475d-ace7-9dd66cd57c78/adeee245-ecd2-4b68-8169-ac8a72709102)
Metric Selector 2,Table,,powerbi,,,1,,,,,,,,,,,,,,NO USAGE,default/powerbi/1715713576/c2fdcbf8-d5b6-475d-ace7-9dd66cd57c78/adeee245-ecd2-4b68-8169-ac8a72709102/Metric Selector 2,2123721c-4718-4a03-a2b1-015e2184a80a,946900a5-f422-4cf7-a160-58463d462369,https://employbridge.atlan.com/assets/946900a5-f422-4cf7-a160-58463d462369/overview?utm_source=impact_analysis_report,,New Candidate Funnel Dashboard (default/powerbi/1715713576/c2fdcbf8-d5b6-475d-ace7-9dd66cd57c78/adeee245-ecd2-4b68-8169-ac8a72709102)
TBL_WBS_RECAST,Table,,powerbi,,,1,,,,,,,,,,,,,,NO USAGE,default/powerbi/1715713576/c2fdcbf8-d5b6-475d-ace7-9dd66cd57c78/adeee245-ecd2-4b68-8169-ac8a72709102/TBL_WBS_RECAST,2123721c-4718-4a03-a2b1-015e2184a80a,0a66f4fe-beb7-4483-aeb3-59a71c6beeed,https://employbridge.atlan.com/assets/0a66f4fe-beb7-4483-aeb3-59a71c6beeed/overview?utm_source=impact_analysis_report,TBL_WBS_RECAST (default/snowflake/1715075875/DEV_SANDBOX_MERILYTICS/DATAWAREHOUSE/TBL_WBS_RECAST),New Candidate Funnel Dashboard (default/powerbi/1715713576/c2fdcbf8-d5b6-475d-ace7-9dd66cd57c78/adeee245-ecd2-4b68-8169-ac8a72709102)
Date Table,Table,,powerbi,,,1,,,,,,,,,,,,,,NO USAGE,default/powerbi/1715713576/c2fdcbf8-d5b6-475d-ace7-9dd66cd57c78/adeee245-ecd2-4b68-8169-ac8a72709102/Date Table,2123721c-4718-4a03-a2b1-015e2184a80a,2941ccd5-b814-4811-9f31-29f3527feca5,https://employbridge.atlan.com/assets/2941ccd5-b814-4811-9f31-29f3527feca5/overview?utm_source=impact_analysis_report,,New Candidate Funnel Dashboard (default/powerbi/1715713576/c2fdcbf8-d5b6-475d-ace7-9dd66cd57c78/adeee245-ecd2-4b68-8169-ac8a72709102)
Week_Table,Table,,powerbi,,,1,,,,,,,,,,,,,,NO USAGE,default/powerbi/1715713576/c2fdcbf8-d5b6-475d-ace7-9dd66cd57c78/adeee245-ecd2-4b68-8169-ac8a72709102/Week_Table,2123721c-4718-4a03-a2b1-015e2184a80a,4e544628-1188-4ac8-a360-80c712ddc38b,https://employbridge.atlan.com/assets/4e544628-1188-4ac8-a360-80c712ddc38b/overview?utm_source=impact_analysis_report,,New Candidate Funnel Dashboard (default/powerbi/1715713576/c2fdcbf8-d5b6-475d-ace7-9dd66cd57c78/adeee245-ecd2-4b68-8169-ac8a72709102)
Days to Show,Table,,powerbi,,,1,,,,,,,,,,,,,,NO USAGE,default/powerbi/1715713576/c2fdcbf8-d5b6-475d-ace7-9dd66cd57c78/adeee245-ecd2-4b68-8169-ac8a72709102/Days to Show,2123721c-4718-4a03-a2b1-015e2184a80a,2bbf68e1-6b95-4435-9409-f30138ddb983,https://employbridge.atlan.com/assets/2bbf68e1-6b95-4435-9409-f30138ddb983/overview?utm_source=impact_analysis_report,,New Candidate Funnel Dashboard (default/powerbi/1715713576/c2fdcbf8-d5b6-475d-ace7-9dd66cd57c78/adeee245-ecd2-4b68-8169-ac8a72709102)
Calcs,Table,,powerbi,,,1,,,,,,,,,,,,,,NO USAGE,default/powerbi/1715713576/c2fdcbf8-d5b6-475d-ace7-9dd66cd57c78/adeee245-ecd2-4b68-8169-ac8a72709102/Calcs,2123721c-4718-4a03-a2b1-015e2184a80a,0fd74050-1e03-4e29-bfec-ca63d5b04979,https://employbridge.atlan.com/assets/0fd74050-1e03-4e29-bfec-ca63d5b04979/overview?utm_source=impact_analysis_report,,New Candidate Funnel Dashboard (default/powerbi/1715713576/c2fdcbf8-d5b6-475d-ace7-9dd66cd57c78/adeee245-ecd2-4b68-8169-ac8a72709102)
BRANCH_DIM,Table,,powerbi,,,1,,,,,,,,,,,,,,NO USAGE,default/powerbi/1715713576/c2fdcbf8-d5b6-475d-ace7-9dd66cd57c78/adeee245-ecd2-4b68-8169-ac8a72709102/BRANCH_DIM,2123721c-4718-4a03-a2b1-015e2184a80a,3b6b9cd7-3c4c-4eb8-8f5d-37d6a05439b8,https://employbridge.atlan.com/assets/3b6b9cd7-3c4c-4eb8-8f5d-37d6a05439b8/overview?utm_source=impact_analysis_report,BRANCH_DIM (default/snowflake/1715075875/PROD_EDW/ENT/BRANCH_DIM),New Candidate Funnel Dashboard (default/powerbi/1715713576/c2fdcbf8-d5b6-475d-ace7-9dd66cd57c78/adeee245-ecd2-4b68-8169-ac8a72709102)
Parameter 2,Table,,powerbi,,,1,,,,,,,,,,,,,,NO USAGE,default/powerbi/1715713576/c2fdcbf8-d5b6-475d-ace7-9dd66cd57c78/adeee245-ecd2-4b68-8169-ac8a72709102/Parameter 2,2123721c-4718-4a03-a2b1-015e2184a80a,4248e43a-69b1-4645-b219-07ef2f57c9c3,https://employbridge.atlan.com/assets/4248e43a-69b1-4645-b219-07ef2f57c9c3/overview?utm_source=impact_analysis_report,,New Candidate Funnel Dashboard (default/powerbi/1715713576/c2fdcbf8-d5b6-475d-ace7-9dd66cd57c78/adeee245-ecd2-4b68-8169-ac8a72709102)
Days to Finalize,Table,,powerbi,,,1,,,,,,,,,,,,,,NO USAGE,default/powerbi/1715713576/c2fdcbf8-d5b6-475d-ace7-9dd66cd57c78/adeee245-ecd2-4b68-8169-ac8a72709102/Days to Finalize,2123721c-4718-4a03-a2b1-015e2184a80a,abb281b1-5b5d-4de4-843f-2f059a37fc9a,https://employbridge.atlan.com/assets/abb281b1-5b5d-4de4-843f-2f059a37fc9a/overview?utm_source=impact_analysis_report,,New Candidate Funnel Dashboard (default/powerbi/1715713576/c2fdcbf8-d5b6-475d-ace7-9dd66cd57c78/adeee245-ecd2-4b68-8169-ac8a72709102)
Days to Assignment,Table,,powerbi,,,1,,,,,,,,,,,,,,NO USAGE,default/powerbi/1715713576/c2fdcbf8-d5b6-475d-ace7-9dd66cd57c78/adeee245-ecd2-4b68-8169-ac8a72709102/Days to Assignment,2123721c-4718-4a03-a2b1-015e2184a80a,ed36c04f-35c1-47d2-b360-f092222f88b9,https://employbridge.atlan.com/assets/ed36c04f-35c1-47d2-b360-f092222f88b9/overview?utm_source=impact_analysis_report,,New Candidate Funnel Dashboard (default/powerbi/1715713576/c2fdcbf8-d5b6-475d-ace7-9dd66cd57c78/adeee245-ecd2-4b68-8169-ac8a72709102)
Metric Selector_Org,Table,,powerbi,,,1,,,,,,,,,,,,,,NO USAGE,default/powerbi/1715713576/c2fdcbf8-d5b6-475d-ace7-9dd66cd57c78/adeee245-ecd2-4b68-8169-ac8a72709102/Metric Selector_Org,2123721c-4718-4a03-a2b1-015e2184a80a,a5e4cc9f-72a1-4c6d-bd0c-aa6a860011eb,https://employbridge.atlan.com/assets/a5e4cc9f-72a1-4c6d-bd0c-aa6a860011eb/overview?utm_source=impact_analysis_report,,New Candidate Funnel Dashboard (default/powerbi/1715713576/c2fdcbf8-d5b6-475d-ace7-9dd66cd57c78/adeee245-ecd2-4b68-8169-ac8a72709102)
Toggle Selection,Table,,powerbi,,,1,,,,,,,,,,,,,,NO USAGE,default/powerbi/1715713576/c2fdcbf8-d5b6-475d-ace7-9dd66cd57c78/adeee245-ecd2-4b68-8169-ac8a72709102/Toggle Selection,2123721c-4718-4a03-a2b1-015e2184a80a,0c45815c-81d0-455a-9366-c34ae659afc5,https://employbridge.atlan.com/assets/0c45815c-81d0-455a-9366-c34ae659afc5/overview?utm_source=impact_analysis_report,,New Candidate Funnel Dashboard (default/powerbi/1715713576/c2fdcbf8-d5b6-475d-ace7-9dd66cd57c78/adeee245-ecd2-4b68-8169-ac8a72709102)
SQL_SOURCE,Table,,powerbi,,,1,,,,,,,,,,,,,,NO USAGE,default/powerbi/1715713576/c2fdcbf8-d5b6-475d-ace7-9dd66cd57c78/adeee245-ecd2-4b68-8169-ac8a72709102/SQL_SOURCE,2123721c-4718-4a03-a2b1-015e2184a80a,e498cc58-15d5-4551-9bef-a355495f9261,https://employbridge.atlan.com/assets/e498cc58-15d5-4551-9bef-a355495f9261/overview?utm_source=impact_analysis_report,CANDIDATE_FUNNEL_POC_PRODRIVERS_T1 (default/snowflake/1715075875/PROD_ENTERPRISE/OPERATIONS/CANDIDATE_FUNNEL_POC_PRODRIVERS_T1),New Candidate Funnel Dashboard (default/powerbi/1715713576/c2fdcbf8-d5b6-475d-ace7-9dd66cd57c78/adeee245-ecd2-4b68-8169-ac8a72709102)
Divisional Heirachy,Table,,powerbi,,,1,,,,,,,,,,,,,,NO USAGE,default/powerbi/1715713576/c2fdcbf8-d5b6-475d-ace7-9dd66cd57c78/adeee245-ecd2-4b68-8169-ac8a72709102/Divisional Heirachy,2123721c-4718-4a03-a2b1-015e2184a80a,1f186447-3608-4135-9860-f7b86d2141ca,https://employbridge.atlan.com/assets/1f186447-3608-4135-9860-f7b86d2141ca/overview?utm_source=impact_analysis_report,,New Candidate Funnel Dashboard (default/powerbi/1715713576/c2fdcbf8-d5b6-475d-ace7-9dd66cd57c78/adeee245-ecd2-4b68-8169-ac8a72709102)
Monthnumber,Table,,powerbi,,,1,,,,,,,,,,,,,,NO USAGE,default/powerbi/1715713576/c2fdcbf8-d5b6-475d-ace7-9dd66cd57c78/adeee245-ecd2-4b68-8169-ac8a72709102/Monthnumber,2123721c-4718-4a03-a2b1-015e2184a80a,d683a063-7b4e-4e69-a319-6de8153c2ac0,https://employbridge.atlan.com/assets/d683a063-7b4e-4e69-a319-6de8153c2ac0/overview?utm_source=impact_analysis_report,,New Candidate Funnel Dashboard (default/powerbi/1715713576/c2fdcbf8-d5b6-475d-ace7-9dd66cd57c78/adeee245-ecd2-4b68-8169-ac8a72709102)
Days to Finalize from Candidate,Table,,powerbi,,,1,,,,,,,,,,,,,,NO USAGE,default/powerbi/1715713576/c2fdcbf8-d5b6-475d-ace7-9dd66cd57c78/adeee245-ecd2-4b68-8169-ac8a72709102/Days to Finalize from Candidate,2123721c-4718-4a03-a2b1-015e2184a80a,1a53c72a-44f7-4544-8f65-ebefda5a1b98,https://employbridge.atlan.com/assets/1a53c72a-44f7-4544-8f65-ebefda5a1b98/overview?utm_source=impact_analysis_report,,New Candidate Funnel Dashboard (default/powerbi/1715713576/c2fdcbf8-d5b6-475d-ace7-9dd66cd57c78/adeee245-ecd2-4b68-8169-ac8a72709102)
Notes Refresh Table,Table,,powerbi,,,1,,,,,,,,,,,,,,NO USAGE,default/powerbi/1715713576/c2fdcbf8-d5b6-475d-ace7-9dd66cd57c78/adeee245-ecd2-4b68-8169-ac8a72709102/Notes Refresh Table,2123721c-4718-4a03-a2b1-015e2184a80a,82bf6ab8-75cf-4ab3-ac1e-48da5e67dce6,https://employbridge.atlan.com/assets/82bf6ab8-75cf-4ab3-ac1e-48da5e67dce6/overview?utm_source=impact_analysis_report,,New Candidate Funnel Dashboard (default/powerbi/1715713576/c2fdcbf8-d5b6-475d-ace7-9dd66cd57c78/adeee245-ecd2-4b68-8169-ac8a72709102)
Days to Schedule Interview,Table,,powerbi,,,1,,,,,,,,,,,,,,NO USAGE,default/powerbi/1715713576/c2fdcbf8-d5b6-475d-ace7-9dd66cd57c78/adeee245-ecd2-4b68-8169-ac8a72709102/Days to Schedule Interview,2123721c-4718-4a03-a2b1-015e2184a80a,bf2c7045-0f54-429a-b403-c864999e7afb,https://employbridge.atlan.com/assets/bf2c7045-0f54-429a-b403-c864999e7afb/overview?utm_source=impact_analysis_report,,New Candidate Funnel Dashboard (default/powerbi/1715713576/c2fdcbf8-d5b6-475d-ace7-9dd66cd57c78/adeee245-ecd2-4b68-8169-ac8a72709102)
VW_EMPLOYEE_STATUS,Table,,powerbi,,,1,,,,,,,,,,,,,,NO USAGE,default/powerbi/1715713576/c2fdcbf8-d5b6-475d-ace7-9dd66cd57c78/adeee245-ecd2-4b68-8169-ac8a72709102/VW_EMPLOYEE_STATUS,2123721c-4718-4a03-a2b1-015e2184a80a,1b6c588b-3876-4731-9ccd-eaaa39d1dc98,https://employbridge.atlan.com/assets/1b6c588b-3876-4731-9ccd-eaaa39d1dc98/overview?utm_source=impact_analysis_report,VW_EMPLOYEE_STATUS (default/snowflake/1715075875/DEV_SANDBOX_MERILYTICS/DATAWAREHOUSE/VW_EMPLOYEE_STATUS),New Candidate Funnel Dashboard (default/powerbi/1715713576/c2fdcbf8-d5b6-475d-ace7-9dd66cd57c78/adeee245-ecd2-4b68-8169-ac8a72709102)
CANDIDATE_FUNNEL_POC,View,,snowflake,PROD_ENTERPRISE,OPERATIONS,2,,,,,,,,,,,,"Jan 27, 2024, 12:01:44 AM",247 queries by 6 users,HIGH USAGE,default/snowflake/1715075875/PROD_ENTERPRISE/OPERATIONS/CANDIDATE_FUNNEL_POC,2123721c-4718-4a03-a2b1-015e2184a80a,6d92da70-fedd-40bc-88f7-d36b0367a08b,https://employbridge.atlan.com/assets/6d92da70-fedd-40bc-88f7-d36b0367a08b/overview?utm_source=impact_analysis_report,"STRINGMAPBASE (default/snowflake/1715075875/PROD_DATALAKE/CRM_MSCRM/STRINGMAPBASE), AUDITBASE (default/snowflake/1715075875/PROD_DATALAKE/CRM_MSCRM/AUDITBASE), CDA_ACTIONBASE (default/snowflake/1715075875/PROD_DATALAKE/CRM_MSCRM/CDA_ACTIONBASE), CDA_EMPLOYEEBASE (default/snowflake/1715075875/PROD_DATALAKE/CRM_MSCRM/CDA_EMPLOYEEBASE), CDA_ASSIGNMENTBASE (default/snowflake/1715075875/PROD_DATALAKE/CRM_MSCRM/CDA_ASSIGNMENTBASE), FINALIZED_FACT (default/snowflake/1715075875/PROD_EDW/ENT/FINALIZED_FACT), BRANCH_DIM (default/snowflake/1715075875/PROD_EDW/ENT/BRANCH_DIM), CDA_ONLINEAPPLICATIONBASE (default/snowflake/1715075875/PROD_DATALAKE/CRM_MSCRM/CDA_ONLINEAPPLICATIONBASE), CDA_REPLACEMENTORDERTRACKINGBASE (default/snowflake/1715075875/PROD_DATALAKE/CRM_MSCRM/CDA_REPLACEMENTORDERTRACKINGBASE), ACTIVITYPOINTERBASE (default/snowflake/1715075875/PROD_DATALAKE/CRM_MSCRM/ACTIVITYPOINTERBASE), CDA_JOBORDERBASE (default/snowflake/1715075875/PROD_DATALAKE/CRM_MSCRM/CDA_JOBORDERBASE), INTERVIEWTABLE_CANDIDATEFUNNEL_INCLUDING_AIO (default/snowflake/1715075875/PROD_ENTERPRISE/OPERATIONS/INTERVIEWTABLE_CANDIDATEFUNNEL_INCLUDING_AIO), DIM_DATE (default/snowflake/1715075875/PROD_DATAWAREHOUSE/ENT/DIM_DATE), REPORT_FPR (default/snowflake/1715075875/DATALAKE/PUBLIC/REPORT_FPR)",SQL_SOURCE_ORG (default/powerbi/1715713576/c2fdcbf8-d5b6-475d-ace7-9dd66cd57c78/adeee245-ecd2-4b68-8169-ac8a72709102/SQL_SOURCE_ORG)
VW_APOLLO_DASHBOARD,View,,snowflake,PROD_ENTERPRISE,OPERATIONS,2,,,,,,,,,,,,"Oct 27, 2022, 11:37:23 PM",138 queries by 5 users,HIGH USAGE,default/snowflake/1715075875/PROD_ENTERPRISE/OPERATIONS/VW_APOLLO_DASHBOARD,2123721c-4718-4a03-a2b1-015e2184a80a,c5cb7b8a-b360-4cc0-a071-935df6310b16,https://employbridge.atlan.com/assets/c5cb7b8a-b360-4cc0-a071-935df6310b16/overview?utm_source=impact_analysis_report,"STRINGMAPBASE (default/snowflake/1715075875/PROD_DATALAKE/CRM_MSCRM/STRINGMAPBASE), AUDITBASE (default/snowflake/1715075875/PROD_DATALAKE/CRM_MSCRM/AUDITBASE), CDA_ACTIONBASE (default/snowflake/1715075875/PROD_DATALAKE/CRM_MSCRM/CDA_ACTIONBASE), CDA_EMPLOYEEBASE (default/snowflake/1715075875/PROD_DATALAKE/CRM_MSCRM/CDA_EMPLOYEEBASE), CDA_ASSIGNMENTBASE (default/snowflake/1715075875/PROD_DATALAKE/CRM_MSCRM/CDA_ASSIGNMENTBASE), FINALIZED_FACT (default/snowflake/1715075875/PROD_EDW/ENT/FINALIZED_FACT), BRANCH_DIM (default/snowflake/1715075875/PROD_EDW/ENT/BRANCH_DIM), CDA_ONLINEAPPLICATIONBASE (default/snowflake/1715075875/PROD_DATALAKE/CRM_MSCRM/CDA_ONLINEAPPLICATIONBASE), CDA_REPLACEMENTORDERTRACKINGBASE (default/snowflake/1715075875/PROD_DATALAKE/CRM_MSCRM/CDA_REPLACEMENTORDERTRACKINGBASE), ACTIVITYPOINTERBASE (default/snowflake/1715075875/PROD_DATALAKE/CRM_MSCRM/ACTIVITYPOINTERBASE), CDA_JOBORDERBASE (default/snowflake/1715075875/PROD_DATALAKE/CRM_MSCRM/CDA_JOBORDERBASE), INTERVIEWTABLE_CANDIDATEFUNNEL_INCLUDING_AIO (default/snowflake/1715075875/PROD_ENTERPRISE/OPERATIONS/INTERVIEWTABLE_CANDIDATEFUNNEL_INCLUDING_AIO), DIM_DATE (default/snowflake/1715075875/PROD_DATAWAREHOUSE/ENT/DIM_DATE), REPORT_FPR (default/snowflake/1715075875/DATALAKE/PUBLIC/REPORT_FPR)",VW_APOLLO_DASHBOARD (default/powerbi/1715713576/c2fdcbf8-d5b6-475d-ace7-9dd66cd57c78/adeee245-ecd2-4b68-8169-ac8a72709102/VW_APOLLO_DASHBOARD)
VW_ACCOUNTINGUNIT_MSA,View,,snowflake,DEV_SANDBOX_MERILYTICS,DATAWAREHOUSE,2,This view maps Accounting Unit and MSAs with zip-codes and Divisions,,,VERIFIED,,,,,,,,"Oct 13, 2025, 11:32:36 AM",1648 queries by 17 users,HIGH USAGE,default/snowflake/1715075875/DEV_SANDBOX_MERILYTICS/DATAWAREHOUSE/VW_ACCOUNTINGUNIT_MSA,2123721c-4718-4a03-a2b1-015e2184a80a,f21eabc0-6d09-4cd0-ade1-8d75f32214ce,https://employbridge.atlan.com/assets/f21eabc0-6d09-4cd0-ade1-8d75f32214ce/overview?utm_source=impact_analysis_report,"ACCOUNTING_UNIT_HIERARCHY_DIM (default/snowflake/1715075875/PROD_EDW/ENT/ACCOUNTING_UNIT_HIERARCHY_DIM), BRANCH_DIM (default/snowflake/1715075875/PROD_EDW/ENT/BRANCH_DIM), JOBORDER_FACT (default/snowflake/1715075875/PROD_EDW/ENT/JOBORDER_FACT), ZIP_MSA_RAW (default/snowflake/1715075875/PROD_EDW/ODS/ZIP_MSA_RAW)",VW_ACCOUNTINGUNIT_MSA (default/powerbi/1715713576/c2fdcbf8-d5b6-475d-ace7-9dd66cd57c78/adeee245-ecd2-4b68-8169-ac8a72709102/VW_ACCOUNTINGUNIT_MSA)
CANDIDATE_FUNNEL_PRODRIVERS_LICENSE,View,,snowflake,PROD_ENTERPRISE,OPERATIONS,2,,,,,,,,,,,,"Oct 7, 2022, 1:34:28 AM",66 queries by 3 users,HIGH USAGE,default/snowflake/1715075875/PROD_ENTERPRISE/OPERATIONS/CANDIDATE_FUNNEL_PRODRIVERS_LICENSE,2123721c-4718-4a03-a2b1-015e2184a80a,b7ff3bef-aa1e-4796-a43d-7e3bc892c590,https://employbridge.atlan.com/assets/b7ff3bef-aa1e-4796-a43d-7e3bc892c590/overview?utm_source=impact_analysis_report,"STRINGMAPBASE (default/snowflake/1715075875/PROD_DATALAKE/CRM_MSCRM/STRINGMAPBASE), CDA_EMPLOYEEBASE (default/snowflake/1715075875/PROD_DATALAKE/CRM_MSCRM/CDA_EMPLOYEEBASE)",CANDIDATE_FUNNEL_PRODRIVERS_LICENSE (default/powerbi/1715713576/c2fdcbf8-d5b6-475d-ace7-9dd66cd57c78/adeee245-ecd2-4b68-8169-ac8a72709102/CANDIDATE_FUNNEL_PRODRIVERS_LICENSE)
ZIP_MSA_RAW,Table,,snowflake,PROD_EDW,ODS,2,,,"data_team, edw",VERIFIED,,,,,,,,"Mar 18, 2025, 4:41:54 PM",407 queries by 6 users,HIGH USAGE,default/snowflake/1715075875/PROD_EDW/ODS/ZIP_MSA_RAW,2123721c-4718-4a03-a2b1-015e2184a80a,2470153c-c87f-431f-86f7-662ed15b2013,https://employbridge.atlan.com/assets/2470153c-c87f-431f-86f7-662ed15b2013/overview?utm_source=impact_analysis_report,,"ZIP_MSA_RAW (default/powerbi/1715713576/c2fdcbf8-d5b6-475d-ace7-9dd66cd57c78/adeee245-ecd2-4b68-8169-ac8a72709102/ZIP_MSA_RAW), VW_ACCOUNTINGUNIT_MSA (default/snowflake/1715075875/DEV_SANDBOX_MERILYTICS/DATAWAREHOUSE/VW_ACCOUNTINGUNIT_MSA), BRANCH_DIM (default/snowflake/1715075875/PROD_EDW/ENT/BRANCH_DIM), LOCATION_DIM (default/snowflake/1715075875/PROD_EDW/ENT/LOCATION_DIM), EMPLOYEE_DIM (default/snowflake/1715075875/PROD_EDW/ENT_SD/EMPLOYEE_DIM)"
VW_USERBRANCH,View,,snowflake,PROD_EDW,ENT,2,,,"data_team, edw",VERIFIED,,,,,,,,"Apr 7, 2023, 1:32:23 AM",483 queries by 5 users,HIGH USAGE,default/snowflake/1715075875/PROD_EDW/ENT/VW_USERBRANCH,2123721c-4718-4a03-a2b1-015e2184a80a,d5578fee-fdc9-4849-a60e-f8f47024a8fb,https://employbridge.atlan.com/assets/d5578fee-fdc9-4849-a60e-f8f47024a8fb/overview?utm_source=impact_analysis_report,"ACTIVE_DIRECTORY_DIM (default/snowflake/1715075875/PROD_EDW/ENT/ACTIVE_DIRECTORY_DIM), COLLEAGUE_DIM (default/snowflake/1715075875/PROD_EDW/ENT/COLLEAGUE_DIM), SYSTEM_USERS_DIM (default/snowflake/1715075875/PROD_EDW/ENT/SYSTEM_USERS_DIM), MANUAL_USERS_DIM (default/snowflake/1715075875/PROD_EDW/ENT/MANUAL_USERS_DIM), USER_BRANCH_DIM (default/snowflake/1715075875/PROD_EDW/ENT/USER_BRANCH_DIM)",VW_USERBRANCH (default/powerbi/1715713576/c2fdcbf8-d5b6-475d-ace7-9dd66cd57c78/adeee245-ecd2-4b68-8169-ac8a72709102/VW_USERBRANCH)
DATE_DIM,Table,,snowflake,PROD_EDW,ENT,2,,,"data_team, edw",VERIFIED,,,,DATE_DIM,,,,"Mar 7, 2026, 3:30:05 PM",6127 queries by 37 users,HIGH USAGE,default/snowflake/1715075875/PROD_EDW/ENT/DATE_DIM,2123721c-4718-4a03-a2b1-015e2184a80a,6444e373-f3fc-4ab2-ab6f-0250d71b12e3,https://employbridge.atlan.com/assets/6444e373-f3fc-4ab2-ab6f-0250d71b12e3/overview?utm_source=impact_analysis_report,DATE_HOLIDAYS (default/snowflake/1715075875/PROD_EDW/STAGE/DATE_HOLIDAYS),"DATE_DIM (default/powerbi/1715713576/c2fdcbf8-d5b6-475d-ace7-9dd66cd57c78/adeee245-ecd2-4b68-8169-ac8a72709102/DATE_DIM), JOBORDER_FACT (default/snowflake/1715075875/PROD_EDW/ENT/JOBORDER_FACT), VW_WBS_BIWEEKLY_ALT_BIWEEKLY (default/snowflake/1715075875/DEV_SANDBOX_MERILYTICS/DATAWAREHOUSE/VW_WBS_BIWEEKLY_ALT_BIWEEKLY), VW_WBS_HD_INTEGRATION_MONTHLY (default/snowflake/1715075875/DEV_SANDBOX_MERILYTICS/DATAWAREHOUSE/VW_WBS_HD_INTEGRATION_MONTHLY), VW_WBS_HD_INTEGRATION_BIWEEKLY (default/snowflake/1715075875/DEV_SANDBOX_MERILYTICS/DATAWAREHOUSE/VW_WBS_HD_INTEGRATION_BIWEEKLY), VW_WBS_SS_INTEGRATION_BIWEEKLY (default/snowflake/1715075875/DEV_SANDBOX_MERILYTICS/DATAWAREHOUSE/VW_WBS_SS_INTEGRATION_BIWEEKLY), VW_WBS_SS_INTEGRATION_MONTHLY (default/snowflake/1715075875/DEV_SANDBOX_MERILYTICS/DATAWAREHOUSE/VW_WBS_SS_INTEGRATION_MONTHLY), VW_WBS_MONTHLY (default/snowflake/1715075875/DEV_SANDBOX_MERILYTICS/DATAWAREHOUSE/VW_WBS_MONTHLY), VW_WBS_TDG_INTEGRATION_MONTHLY (default/snowflake/1715075875/DEV_SANDBOX_MERILYTICS/DATAWAREHOUSE/VW_WBS_TDG_INTEGRATION_MONTHLY), VW_WBS_TDG_INTEGRATION_BIWEEKLY (default/snowflake/1715075875/DEV_SANDBOX_MERILYTICS/DATAWAREHOUSE/VW_WBS_TDG_INTEGRATION_BIWEEKLY)"
TBL_WBS_RECAST,Table,,snowflake,DEV_SANDBOX_MERILYTICS,DATAWAREHOUSE,2,,,,VERIFIED,,,,,,,,"Mar 7, 2026, 12:19:58 AM",780 queries by 13 users,HIGH USAGE,default/snowflake/1715075875/DEV_SANDBOX_MERILYTICS/DATAWAREHOUSE/TBL_WBS_RECAST,2123721c-4718-4a03-a2b1-015e2184a80a,27931680-59be-4902-83cf-1643a7240308,https://employbridge.atlan.com/assets/27931680-59be-4902-83cf-1643a7240308/overview?utm_source=impact_analysis_report,VW_WBS_RECAST (default/snowflake/1715075875/DEV_SANDBOX_MERILYTICS/DATAWAREHOUSE/VW_WBS_RECAST),TBL_WBS_RECAST (default/powerbi/1715713576/c2fdcbf8-d5b6-475d-ace7-9dd66cd57c78/adeee245-ecd2-4b68-8169-ac8a72709102/TBL_WBS_RECAST)
BRANCH_DIM,Table,,snowflake,PROD_EDW,ENT,2,,,"data_team, edw",VERIFIED,,,,BRANCH_DIM,,,,"Mar 7, 2026, 3:33:17 PM",9321 queries by 36 users,HIGH USAGE,default/snowflake/1715075875/PROD_EDW/ENT/BRANCH_DIM,2123721c-4718-4a03-a2b1-015e2184a80a,540676dd-0baa-482a-a505-305dc23b69b9,https://employbridge.atlan.com/assets/540676dd-0baa-482a-a505-305dc23b69b9/overview?utm_source=impact_analysis_report,"STRINGMAPBASE (default/snowflake/1715075875/PROD_DATALAKE/CRM_MSCRM/STRINGMAPBASE), CDA_AREABASE (default/snowflake/1715075875/PROD_DATALAKE/CRM_MSCRM/CDA_AREABASE), CDA_BRANCHBASE (default/snowflake/1715075875/PROD_DATALAKE/CRM_MSCRM/CDA_BRANCHBASE), BRANCH__C (default/snowflake/1715075875/PROD_DATALAKE/SALESFORCE/BRANCH__C), DATA_SOURCE_DIM (default/snowflake/1715075875/PROD_EDW/ENT/DATA_SOURCE_DIM), SYSTEMUSERBASE (default/snowflake/1715075875/PROD_DATALAKE/CRM_MSCRM/SYSTEMUSERBASE), LOB_DIM (default/snowflake/1715075875/PROD_EDW/ENT/LOB_DIM), CDA_REGIONBASE (default/snowflake/1715075875/PROD_DATALAKE/CRM_MSCRM/CDA_REGIONBASE), BRANCH (default/snowflake/1715075875/PROD_DATALAKE/OAE_PROD/BRANCH), ZIP_MSA_RAW (default/snowflake/1715075875/PROD_EDW/ODS/ZIP_MSA_RAW)","BRANCH_DIM (default/powerbi/1715713576/c2fdcbf8-d5b6-475d-ace7-9dd66cd57c78/adeee245-ecd2-4b68-8169-ac8a72709102/BRANCH_DIM), CANDIDATE_FUNNEL_POC (default/snowflake/1715075875/PROD_ENTERPRISE/OPERATIONS/CANDIDATE_FUNNEL_POC), VW_APOLLO_DASHBOARD (default/snowflake/1715075875/PROD_ENTERPRISE/OPERATIONS/VW_APOLLO_DASHBOARD), VW_ACCOUNTINGUNIT_MSA (default/snowflake/1715075875/DEV_SANDBOX_MERILYTICS/DATAWAREHOUSE/VW_ACCOUNTINGUNIT_MSA), CANDIDATE_FUNNEL_POC_PRODRIVERS_T1 (default/snowflake/1715075875/PROD_ENTERPRISE/OPERATIONS/CANDIDATE_FUNNEL_POC_PRODRIVERS_T1), FINALIZED_FACT (default/snowflake/1715075875/PROD_EDW/ENT/FINALIZED_FACT), JOBORDER_FACT (default/snowflake/1715075875/PROD_EDW/ENT/JOBORDER_FACT), CUSTOMER_DIM (default/snowflake/1715075875/PROD_EDW/ENT/CUSTOMER_DIM), JOBORDER_DIM (default/snowflake/1715075875/PROD_EDW/ENT/JOBORDER_DIM), EMPLOYEE_DIM (default/snowflake/1715075875/PROD_EDW/ENT_SD/EMPLOYEE_DIM)"
CANDIDATE_FUNNEL_POC_PRODRIVERS_T1,View,,snowflake,PROD_ENTERPRISE,OPERATIONS,2,,,,,,,,,,,,"Oct 27, 2022, 11:36:44 PM",43 queries by 3 users,HIGH USAGE,default/snowflake/1715075875/PROD_ENTERPRISE/OPERATIONS/CANDIDATE_FUNNEL_POC_PRODRIVERS_T1,2123721c-4718-4a03-a2b1-015e2184a80a,2f03de63-ee9f-439d-ade9-7cb30dc3e915,https://employbridge.atlan.com/assets/2f03de63-ee9f-439d-ade9-7cb30dc3e915/overview?utm_source=impact_analysis_report,"STRINGMAPBASE (default/snowflake/1715075875/PROD_DATALAKE/CRM_MSCRM/STRINGMAPBASE), AUDITBASE (default/snowflake/1715075875/PROD_DATALAKE/CRM_MSCRM/AUDITBASE), CDA_ACTIONBASE (default/snowflake/1715075875/PROD_DATALAKE/CRM_MSCRM/CDA_ACTIONBASE), CDA_EMPLOYEEBASE (default/snowflake/1715075875/PROD_DATALAKE/CRM_MSCRM/CDA_EMPLOYEEBASE), CDA_ASSIGNMENTBASE (default/snowflake/1715075875/PROD_DATALAKE/CRM_MSCRM/CDA_ASSIGNMENTBASE), FINALIZED_FACT (default/snowflake/1715075875/PROD_EDW/ENT/FINALIZED_FACT), BRANCH_DIM (default/snowflake/1715075875/PROD_EDW/ENT/BRANCH_DIM), CDA_ONLINEAPPLICATIONBASE (default/snowflake/1715075875/PROD_DATALAKE/CRM_MSCRM/CDA_ONLINEAPPLICATIONBASE), CDA_REPLACEMENTORDERTRACKINGBASE (default/snowflake/1715075875/PROD_DATALAKE/CRM_MSCRM/CDA_REPLACEMENTORDERTRACKINGBASE), ACTIVITYPOINTERBASE (default/snowflake/1715075875/PROD_DATALAKE/CRM_MSCRM/ACTIVITYPOINTERBASE), CDA_JOBORDERBASE (default/snowflake/1715075875/PROD_DATALAKE/CRM_MSCRM/CDA_JOBORDERBASE), INTERVIEWTABLE_CANDIDATEFUNNEL_INCLUDING_AIO (default/snowflake/1715075875/PROD_ENTERPRISE/OPERATIONS/INTERVIEWTABLE_CANDIDATEFUNNEL_INCLUDING_AIO), DIM_DATE (default/snowflake/1715075875/PROD_DATAWAREHOUSE/ENT/DIM_DATE), REPORT_FPR (default/snowflake/1715075875/DATALAKE/PUBLIC/REPORT_FPR)",SQL_SOURCE (default/powerbi/1715713576/c2fdcbf8-d5b6-475d-ace7-9dd66cd57c78/adeee245-ecd2-4b68-8169-ac8a72709102/SQL_SOURCE)
VW_EMPLOYEE_STATUS,View,,snowflake,DEV_SANDBOX_MERILYTICS,DATAWAREHOUSE,2,,,,,,,,,,,,"May 16, 2025, 3:44:06 PM",65 queries by 1 user,HIGH USAGE,default/snowflake/1715075875/DEV_SANDBOX_MERILYTICS/DATAWAREHOUSE/VW_EMPLOYEE_STATUS,2123721c-4718-4a03-a2b1-015e2184a80a,71ffa782-6725-4d24-b4a6-ab43edf1e962,https://employbridge.atlan.com/assets/71ffa782-6725-4d24-b4a6-ab43edf1e962/overview?utm_source=impact_analysis_report,EMPLOYEE_DIM (default/snowflake/1715075875/PROD_EDW/ENT/EMPLOYEE_DIM),VW_EMPLOYEE_STATUS (default/powerbi/1715713576/c2fdcbf8-d5b6-475d-ace7-9dd66cd57c78/adeee245-ecd2-4b68-8169-ac8a72709102/VW_EMPLOYEE_STATUS)
STRINGMAPBASE,Table,,snowflake,PROD_DATALAKE,CRM_MSCRM,3,,,,,,,,,,,,"Feb 4, 2026, 10:47:36 PM",181 queries by 10 users,HIGH USAGE,default/snowflake/1715075875/PROD_DATALAKE/CRM_MSCRM/STRINGMAPBASE,2123721c-4718-4a03-a2b1-015e2184a80a,2bcf5863-ede2-4cf8-b63c-220faf41ad87,https://employbridge.atlan.com/assets/2bcf5863-ede2-4cf8-b63c-220faf41ad87/overview?utm_source=impact_analysis_report,"STRINGMAPBASE (default/snowflake/1715075875/PROD_DATALAKE/CRM_MSCRM/STRINGMAPBASE), attrep_changes3F84AF30F8F36C10 (default/snowflake/1715075875/PROD_DATALAKE/CRM_MSCRM/attrep_changes3F84AF30F8F36C10)","CANDIDATE_FUNNEL_POC (default/snowflake/1715075875/PROD_ENTERPRISE/OPERATIONS/CANDIDATE_FUNNEL_POC), VW_APOLLO_DASHBOARD (default/snowflake/1715075875/PROD_ENTERPRISE/OPERATIONS/VW_APOLLO_DASHBOARD), CANDIDATE_FUNNEL_PRODRIVERS_LICENSE (default/snowflake/1715075875/PROD_ENTERPRISE/OPERATIONS/CANDIDATE_FUNNEL_PRODRIVERS_LICENSE), BRANCH_DIM (default/snowflake/1715075875/PROD_EDW/ENT/BRANCH_DIM), CANDIDATE_FUNNEL_POC_PRODRIVERS_T1 (default/snowflake/1715075875/PROD_ENTERPRISE/OPERATIONS/CANDIDATE_FUNNEL_POC_PRODRIVERS_T1), STRINGMAPBASE (default/snowflake/1715075875/PROD_DATALAKE/CRM_MSCRM/STRINGMAPBASE), FINALIZED_FACT (default/snowflake/1715075875/PROD_EDW/ENT/FINALIZED_FACT), REPORT_FPR (default/snowflake/1715075875/DATALAKE/PUBLIC/REPORT_FPR), JOBORDER_FACT (default/snowflake/1715075875/PROD_EDW/ENT/JOBORDER_FACT), LOB_DIM (default/snowflake/1715075875/PROD_EDW/ENT/LOB_DIM), DIM_JOB_ORDER (default/snowflake/1715075875/DATALAKE/PUBLIC/DIM_JOB_ORDER), LOCATION_DIM (default/snowflake/1715075875/PROD_EDW/ENT/LOCATION_DIM), JOB_CODE_DIM (default/snowflake/1715075875/PROD_EDW/ENT/JOB_CODE_DIM), CUSTOMER_DIM (default/snowflake/1715075875/PROD_EDW/ENT/CUSTOMER_DIM), JOBORDER_DIM (default/snowflake/1715075875/PROD_EDW/ENT/JOBORDER_DIM), WC_CODE_DIM (default/snowflake/1715075875/PROD_EDW/ENT/WC_CODE_DIM), TIME_ENTRY_TOOL_DIM (default/snowflake/1715075875/PROD_EDW/ENT/TIME_ENTRY_TOOL_DIM), EMPLOYEE_DIM (default/snowflake/1715075875/PROD_EDW/ENT_SD/EMPLOYEE_DIM)"
AUDITBASE,Table,,snowflake,PROD_DATALAKE,CRM_MSCRM,3,,,,,,,,,,,,"Mar 7, 2026, 9:45:18 PM",,NO USAGE,default/snowflake/1715075875/PROD_DATALAKE/CRM_MSCRM/AUDITBASE,2123721c-4718-4a03-a2b1-015e2184a80a,45374d64-f5f8-4d48-a538-835ffa415ade,https://employbridge.atlan.com/assets/45374d64-f5f8-4d48-a538-835ffa415ade/overview?utm_source=impact_analysis_report,attrep_changesD089CE7E1DCCE970 (default/snowflake/1715075875/PROD_DATALAKE/CRM_MSCRM/attrep_changesD089CE7E1DCCE970),"CANDIDATE_FUNNEL_POC (default/snowflake/1715075875/PROD_ENTERPRISE/OPERATIONS/CANDIDATE_FUNNEL_POC), VW_APOLLO_DASHBOARD (default/snowflake/1715075875/PROD_ENTERPRISE/OPERATIONS/VW_APOLLO_DASHBOARD), CANDIDATE_FUNNEL_POC_PRODRIVERS_T1 (default/snowflake/1715075875/PROD_ENTERPRISE/OPERATIONS/CANDIDATE_FUNNEL_POC_PRODRIVERS_T1)"
CDA_ACTIONBASE,Table,,snowflake,PROD_DATALAKE,CRM_MSCRM,3,,,,,,,,,,,,"Mar 7, 2026, 9:45:27 PM",,NO USAGE,default/snowflake/1715075875/PROD_DATALAKE/CRM_MSCRM/CDA_ACTIONBASE,2123721c-4718-4a03-a2b1-015e2184a80a,1a9a351a-1e8c-4c64-a0a9-cc7db531c742,https://employbridge.atlan.com/assets/1a9a351a-1e8c-4c64-a0a9-cc7db531c742/overview?utm_source=impact_analysis_report,attrep_changesD089CE7E1DCCE970 (default/snowflake/1715075875/PROD_DATALAKE/CRM_MSCRM/attrep_changesD089CE7E1DCCE970),"CANDIDATE_FUNNEL_POC (default/snowflake/1715075875/PROD_ENTERPRISE/OPERATIONS/CANDIDATE_FUNNEL_POC), VW_APOLLO_DASHBOARD (default/snowflake/1715075875/PROD_ENTERPRISE/OPERATIONS/VW_APOLLO_DASHBOARD), CANDIDATE_FUNNEL_POC_PRODRIVERS_T1 (default/snowflake/1715075875/PROD_ENTERPRISE/OPERATIONS/CANDIDATE_FUNNEL_POC_PRODRIVERS_T1), FINALIZED_FACT (default/snowflake/1715075875/PROD_EDW/ENT/FINALIZED_FACT)"
CDA_EMPLOYEEBASE,Table,,snowflake,PROD_DATALAKE,CRM_MSCRM,3,,,,,,,,,,,,"Mar 7, 2026, 9:32:46 PM",70 queries by 9 users,HIGH USAGE,default/snowflake/1715075875/PROD_DATALAKE/CRM_MSCRM/CDA_EMPLOYEEBASE,2123721c-4718-4a03-a2b1-015e2184a80a,e9a502ce-924c-48c1-8f9c-e939a206e59b,https://employbridge.atlan.com/assets/e9a502ce-924c-48c1-8f9c-e939a206e59b/overview?utm_source=impact_analysis_report,,"CANDIDATE_FUNNEL_POC (default/snowflake/1715075875/PROD_ENTERPRISE/OPERATIONS/CANDIDATE_FUNNEL_POC), VW_APOLLO_DASHBOARD (default/snowflake/1715075875/PROD_ENTERPRISE/OPERATIONS/VW_APOLLO_DASHBOARD), CANDIDATE_FUNNEL_PRODRIVERS_LICENSE (default/snowflake/1715075875/PROD_ENTERPRISE/OPERATIONS/CANDIDATE_FUNNEL_PRODRIVERS_LICENSE), CANDIDATE_FUNNEL_POC_PRODRIVERS_T1 (default/snowflake/1715075875/PROD_ENTERPRISE/OPERATIONS/CANDIDATE_FUNNEL_POC_PRODRIVERS_T1), FINALIZED_FACT (default/snowflake/1715075875/PROD_EDW/ENT/FINALIZED_FACT), REPORT_FPR (default/snowflake/1715075875/DATALAKE/PUBLIC/REPORT_FPR), DIM_EMPLOYEE (default/snowflake/1715075875/DATALAKE/PUBLIC/DIM_EMPLOYEE), EMPLOYEE_DIM (default/snowflake/1715075875/PROD_EDW/ENT_SD/EMPLOYEE_DIM), REPORT_DIMENSIONS_TEMP (default/snowflake/1715075875/DATALAKE/PUBLIC/REPORT_DIMENSIONS_TEMP)"
CDA_ASSIGNMENTBASE,Table,,snowflake,PROD_DATALAKE,CRM_MSCRM,3,,,,,,,,,,,,"Mar 7, 2026, 9:16:04 PM",440 queries by 9 users,HIGH USAGE,default/snowflake/1715075875/PROD_DATALAKE/CRM_MSCRM/CDA_ASSIGNMENTBASE,2123721c-4718-4a03-a2b1-015e2184a80a,535047b1-8bcc-47f4-b8c0-25a6cbb90574,https://employbridge.atlan.com/assets/535047b1-8bcc-47f4-b8c0-25a6cbb90574/overview?utm_source=impact_analysis_report,attrep_changes3F84AF30F8F36C10 (default/snowflake/1715075875/PROD_DATALAKE/CRM_MSCRM/attrep_changes3F84AF30F8F36C10),"CANDIDATE_FUNNEL_POC (default/snowflake/1715075875/PROD_ENTERPRISE/OPERATIONS/CANDIDATE_FUNNEL_POC), VW_APOLLO_DASHBOARD (default/snowflake/1715075875/PROD_ENTERPRISE/OPERATIONS/VW_APOLLO_DASHBOARD), CANDIDATE_FUNNEL_POC_PRODRIVERS_T1 (default/snowflake/1715075875/PROD_ENTERPRISE/OPERATIONS/CANDIDATE_FUNNEL_POC_PRODRIVERS_T1), REPORT_FPR (default/snowflake/1715075875/DATALAKE/PUBLIC/REPORT_FPR), DIM_ACTIVITY (default/snowflake/1715075875/DATALAKE/PUBLIC/DIM_ACTIVITY), DIM_ASSIGNMENT (default/snowflake/1715075875/DATALAKE/PUBLIC/DIM_ASSIGNMENT), TIME_ENTRY_TOOL_DIM (default/snowflake/1715075875/PROD_EDW/ENT/TIME_ENTRY_TOOL_DIM), REPORT_DIMENSIONS_TEMP (default/snowflake/1715075875/DATALAKE/PUBLIC/REPORT_DIMENSIONS_TEMP)"
FINALIZED_FACT,Table,,snowflake,PROD_EDW,ENT,3,,,"data_team, edw",VERIFIED,,,,,,,,"Mar 7, 2026, 3:38:23 PM",,NO USAGE,default/snowflake/1715075875/PROD_EDW/ENT/FINALIZED_FACT,2123721c-4718-4a03-a2b1-015e2184a80a,f4f665b1-4630-456e-bd82-3ae4304da4ea,https://employbridge.atlan.com/assets/f4f665b1-4630-456e-bd82-3ae4304da4ea/overview?utm_source=impact_analysis_report,"STRINGMAPBASE (default/snowflake/1715075875/PROD_DATALAKE/CRM_MSCRM/STRINGMAPBASE), CDA_ACTIONBASE (default/snowflake/1715075875/PROD_DATALAKE/CRM_MSCRM/CDA_ACTIONBASE), CDA_EMPLOYEEBASE (default/snowflake/1715075875/PROD_DATALAKE/CRM_MSCRM/CDA_EMPLOYEEBASE), ENTITY (default/snowflake/1715075875/PROD_DATALAKE/CRM_MSCRM/ENTITY), BRANCH_DIM (default/snowflake/1715075875/PROD_EDW/ENT/BRANCH_DIM), CDA_ONLINEAPPLICATIONBASE (default/snowflake/1715075875/PROD_DATALAKE/CRM_MSCRM/CDA_ONLINEAPPLICATIONBASE), EMPLOYEE_DIM (default/snowflake/1715075875/PROD_EDW/ENT/EMPLOYEE_DIM), DATA_SOURCE_DIM (default/snowflake/1715075875/PROD_EDW/ENT/DATA_SOURCE_DIM), SYSTEMUSERBASE (default/snowflake/1715075875/PROD_DATALAKE/CRM_MSCRM/SYSTEMUSERBASE), ACTIVITYPOINTERBASE (default/snowflake/1715075875/PROD_DATALAKE/CRM_MSCRM/ACTIVITYPOINTERBASE)","CANDIDATE_FUNNEL_POC (default/snowflake/1715075875/PROD_ENTERPRISE/OPERATIONS/CANDIDATE_FUNNEL_POC), VW_APOLLO_DASHBOARD (default/snowflake/1715075875/PROD_ENTERPRISE/OPERATIONS/VW_APOLLO_DASHBOARD), CANDIDATE_FUNNEL_POC_PRODRIVERS_T1 (default/snowflake/1715075875/PROD_ENTERPRISE/OPERATIONS/CANDIDATE_FUNNEL_POC_PRODRIVERS_T1)"
CDA_ONLINEAPPLICATIONBASE,Table,,snowflake,PROD_DATALAKE,CRM_MSCRM,3,,,,,,,,,,,,"Mar 7, 2026, 9:31:34 PM",,NO USAGE,default/snowflake/1715075875/PROD_DATALAKE/CRM_MSCRM/CDA_ONLINEAPPLICATIONBASE,2123721c-4718-4a03-a2b1-015e2184a80a,aec2ec1f-f621-431a-9bfe-47e9343c8f42,https://employbridge.atlan.com/assets/aec2ec1f-f621-431a-9bfe-47e9343c8f42/overview?utm_source=impact_analysis_report,attrep_changes3F84AF30F8F36C10 (default/snowflake/1715075875/PROD_DATALAKE/CRM_MSCRM/attrep_changes3F84AF30F8F36C10),"CANDIDATE_FUNNEL_POC (default/snowflake/1715075875/PROD_ENTERPRISE/OPERATIONS/CANDIDATE_FUNNEL_POC), VW_APOLLO_DASHBOARD (default/snowflake/1715075875/PROD_ENTERPRISE/OPERATIONS/VW_APOLLO_DASHBOARD), CANDIDATE_FUNNEL_POC_PRODRIVERS_T1 (default/snowflake/1715075875/PROD_ENTERPRISE/OPERATIONS/CANDIDATE_FUNNEL_POC_PRODRIVERS_T1), FINALIZED_FACT (default/snowflake/1715075875/PROD_EDW/ENT/FINALIZED_FACT)"
CDA_REPLACEMENTORDERTRACKINGBASE,Table,,snowflake,PROD_DATALAKE,CRM_MSCRM,3,,,,,,,,,,,,"Mar 7, 2026, 3:34:12 AM",66 queries by 1 user,HIGH USAGE,default/snowflake/1715075875/PROD_DATALAKE/CRM_MSCRM/CDA_REPLACEMENTORDERTRACKINGBASE,2123721c-4718-4a03-a2b1-015e2184a80a,50e5e704-7fa1-47bc-aaac-50f103f81b27,https://employbridge.atlan.com/assets/50e5e704-7fa1-47bc-aaac-50f103f81b27/overview?utm_source=impact_analysis_report,attrep_changes3F84AF30F8F36C10 (default/snowflake/1715075875/PROD_DATALAKE/CRM_MSCRM/attrep_changes3F84AF30F8F36C10),"CANDIDATE_FUNNEL_POC (default/snowflake/1715075875/PROD_ENTERPRISE/OPERATIONS/CANDIDATE_FUNNEL_POC), VW_APOLLO_DASHBOARD (default/snowflake/1715075875/PROD_ENTERPRISE/OPERATIONS/VW_APOLLO_DASHBOARD), CANDIDATE_FUNNEL_POC_PRODRIVERS_T1 (default/snowflake/1715075875/PROD_ENTERPRISE/OPERATIONS/CANDIDATE_FUNNEL_POC_PRODRIVERS_T1), JOBORDER_FACT (default/snowflake/1715075875/PROD_EDW/ENT/JOBORDER_FACT)"
ACTIVITYPOINTERBASE,Table,,snowflake,PROD_DATALAKE,CRM_MSCRM,3,,,,,,,,,,,,"Mar 7, 2026, 9:33:22 PM",,NO USAGE,default/snowflake/1715075875/PROD_DATALAKE/CRM_MSCRM/ACTIVITYPOINTERBASE,2123721c-4718-4a03-a2b1-015e2184a80a,cae47182-18b5-4c8f-a878-214e30d8db8c,https://employbridge.atlan.com/assets/cae47182-18b5-4c8f-a878-214e30d8db8c/overview?utm_source=impact_analysis_report,,"CANDIDATE_FUNNEL_POC (default/snowflake/1715075875/PROD_ENTERPRISE/OPERATIONS/CANDIDATE_FUNNEL_POC), VW_APOLLO_DASHBOARD (default/snowflake/1715075875/PROD_ENTERPRISE/OPERATIONS/VW_APOLLO_DASHBOARD), CANDIDATE_FUNNEL_POC_PRODRIVERS_T1 (default/snowflake/1715075875/PROD_ENTERPRISE/OPERATIONS/CANDIDATE_FUNNEL_POC_PRODRIVERS_T1), FINALIZED_FACT (default/snowflake/1715075875/PROD_EDW/ENT/FINALIZED_FACT)"
CDA_JOBORDERBASE,Table,,snowflake,PROD_DATALAKE,CRM_MSCRM,3,,,,,,,,,,,,"Mar 7, 2026, 9:31:37 PM",236 queries by 9 users,HIGH USAGE,default/snowflake/1715075875/PROD_DATALAKE/CRM_MSCRM/CDA_JOBORDERBASE,2123721c-4718-4a03-a2b1-015e2184a80a,c5bde410-f046-4628-8d72-57357a6997fb,https://employbridge.atlan.com/assets/c5bde410-f046-4628-8d72-57357a6997fb/overview?utm_source=impact_analysis_report,attrep_changes3F84AF30F8F36C10 (default/snowflake/1715075875/PROD_DATALAKE/CRM_MSCRM/attrep_changes3F84AF30F8F36C10),"CANDIDATE_FUNNEL_POC (default/snowflake/1715075875/PROD_ENTERPRISE/OPERATIONS/CANDIDATE_FUNNEL_POC), VW_APOLLO_DASHBOARD (default/snowflake/1715075875/PROD_ENTERPRISE/OPERATIONS/VW_APOLLO_DASHBOARD), CANDIDATE_FUNNEL_POC_PRODRIVERS_T1 (default/snowflake/1715075875/PROD_ENTERPRISE/OPERATIONS/CANDIDATE_FUNNEL_POC_PRODRIVERS_T1), REPORT_FPR (default/snowflake/1715075875/DATALAKE/PUBLIC/REPORT_FPR), JOBORDER_FACT (default/snowflake/1715075875/PROD_EDW/ENT/JOBORDER_FACT), DIM_JOB_ORDER (default/snowflake/1715075875/DATALAKE/PUBLIC/DIM_JOB_ORDER), JOBORDER_DIM (default/snowflake/1715075875/PROD_EDW/ENT/JOBORDER_DIM), TIME_ENTRY_TOOL_DIM (default/snowflake/1715075875/PROD_EDW/ENT/TIME_ENTRY_TOOL_DIM)"
INTERVIEWTABLE_CANDIDATEFUNNEL_INCLUDING_AIO,View,,snowflake,PROD_ENTERPRISE,OPERATIONS,3,,,,,,,,,,,,"Oct 27, 2022, 11:36:00 PM",2 queries by 1 user,MODERATE USAGE,default/snowflake/1715075875/PROD_ENTERPRISE/OPERATIONS/INTERVIEWTABLE_CANDIDATEFUNNEL_INCLUDING_AIO,2123721c-4718-4a03-a2b1-015e2184a80a,c46b0264-426e-4164-9b95-1b827d13454d,https://employbridge.atlan.com/assets/c46b0264-426e-4164-9b95-1b827d13454d/overview?utm_source=impact_analysis_report,"CDA_INTERVIEWBASE (default/snowflake/1715075875/PROD_DATALAKE/CRM_MSCRM/CDA_INTERVIEWBASE), CDA_CDA_APPOINTMENTTYPE_CDA_INTERVIEWBASE (default/snowflake/1715075875/PROD_DATALAKE/CRM_MSCRM/CDA_CDA_APPOINTMENTTYPE_CDA_INTERVIEWBASE), CDA_AIOINTERVIEWBASE (default/snowflake/1715075875/PROD_DATALAKE/CRM_MSCRM/CDA_AIOINTERVIEWBASE), CDA_APPOINTMENTTYPEBASE (default/snowflake/1715075875/PROD_DATALAKE/CRM_MSCRM/CDA_APPOINTMENTTYPEBASE)","CANDIDATE_FUNNEL_POC (default/snowflake/1715075875/PROD_ENTERPRISE/OPERATIONS/CANDIDATE_FUNNEL_POC), VW_APOLLO_DASHBOARD (default/snowflake/1715075875/PROD_ENTERPRISE/OPERATIONS/VW_APOLLO_DASHBOARD), CANDIDATE_FUNNEL_POC_PRODRIVERS_T1 (default/snowflake/1715075875/PROD_ENTERPRISE/OPERATIONS/CANDIDATE_FUNNEL_POC_PRODRIVERS_T1)"
DIM_DATE,Table,,snowflake,PROD_DATAWAREHOUSE,ENT,3,,,,,,,,,,,,"Mar 18, 2025, 8:22:06 PM",1 queries by 1 user,MODERATE USAGE,default/snowflake/1715075875/PROD_DATAWAREHOUSE/ENT/DIM_DATE,2123721c-4718-4a03-a2b1-015e2184a80a,33a1f21a-03d8-4207-b260-62184e85069f,https://employbridge.atlan.com/assets/33a1f21a-03d8-4207-b260-62184e85069f/overview?utm_source=impact_analysis_report,,"CANDIDATE_FUNNEL_POC (default/snowflake/1715075875/PROD_ENTERPRISE/OPERATIONS/CANDIDATE_FUNNEL_POC), VW_APOLLO_DASHBOARD (default/snowflake/1715075875/PROD_ENTERPRISE/OPERATIONS/VW_APOLLO_DASHBOARD), CANDIDATE_FUNNEL_POC_PRODRIVERS_T1 (default/snowflake/1715075875/PROD_ENTERPRISE/OPERATIONS/CANDIDATE_FUNNEL_POC_PRODRIVERS_T1)"
REPORT_FPR,Table,,snowflake,DATALAKE,PUBLIC,3,,,,,,,,,,,,"Mar 7, 2026, 4:17:39 PM",1859 queries by 30 users,HIGH USAGE,default/snowflake/1715075875/DATALAKE/PUBLIC/REPORT_FPR,2123721c-4718-4a03-a2b1-015e2184a80a,b64eb44b-6677-472b-b3e3-3979cc1eca78,https://employbridge.atlan.com/assets/b64eb44b-6677-472b-b3e3-3979cc1eca78/overview?utm_source=impact_analysis_report,"STRINGMAPBASE (default/snowflake/1715075875/PROD_DATALAKE/CRM_MSCRM/STRINGMAPBASE), CDA_LOCATIONBASE (default/snowflake/1715075875/PROD_DATALAKE/CRM_MSCRM/CDA_LOCATIONBASE), CDA_EMPLOYEEBASE (default/snowflake/1715075875/PROD_DATALAKE/CRM_MSCRM/CDA_EMPLOYEEBASE), CDA_ASSIGNMENTBASE (default/snowflake/1715075875/PROD_DATALAKE/CRM_MSCRM/CDA_ASSIGNMENTBASE), ACCOUNTBASE (default/snowflake/1715075875/PROD_DATALAKE/CRM_MSCRM/ACCOUNTBASE), SYSTEMUSERBASE (default/snowflake/1715075875/PROD_DATALAKE/CRM_MSCRM/SYSTEMUSERBASE), CDA_JOBORDERBASE (default/snowflake/1715075875/PROD_DATALAKE/CRM_MSCRM/CDA_JOBORDERBASE), PRTIME (default/snowflake/1715075875/PROD_DATALAKE/LAWPROD/PRTIME), DIM_INVOICE (default/snowflake/1715075875/DATALAKE/PUBLIC/DIM_INVOICE), LAWSON_DL_LDG_CONV_BILLED_CODES (default/snowflake/1715075875/DATALAKE/PUBLIC/LAWSON_DL_LDG_CONV_BILLED_CODES), DIM_REGION (default/snowflake/1715075875/DATALAKE/PUBLIC/DIM_REGION), DIM_JOB_ORDER (default/snowflake/1715075875/DATALAKE/PUBLIC/DIM_JOB_ORDER), DIM_EMPLOYEE (default/snowflake/1715075875/DATALAKE/PUBLIC/DIM_EMPLOYEE), DIM_CUSTOMER (default/snowflake/1715075875/DATALAKE/PUBLIC/DIM_CUSTOMER), ACTIV_B_TEMP (default/snowflake/1715075875/DATALAKE/PUBLIC/ACTIV_B_TEMP), NPG_VIP_DL_LDG_CLIENT_MASTER (default/snowflake/1715075875/PROD_NPG_VIP/LDG/NPG_VIP_DL_LDG_CLIENT_MASTER), ARCSTMXVAL (default/snowflake/1715075875/PROD_DATALAKE/LAWPROD/ARCSTMXVAL), ARCUSTOMER (default/snowflake/1715075875/PROD_DATALAKE/LAWPROD/ARCUSTOMER), PRPAYCODE (default/snowflake/1715075875/PROD_DATALAKE/LAWPROD/PRPAYCODE), DIM_TRANS (default/snowflake/1715075875/DATALAKE/PUBLIC/DIM_TRANS), DIM_BRANCH (default/snowflake/1715075875/DATALAKE/PUBLIC/DIM_BRANCH), DIM_MEASURE_SUMMARY_A_TEMP (default/snowflake/1715075875/DATALAKE/PUBLIC/DIM_MEASURE_SUMMARY_A_TEMP), DIM_PAYRATE_TRANS (default/snowflake/1715075875/DATALAKE/PUBLIC/DIM_PAYRATE_TRANS), PSGRELATE (default/snowflake/1715075875/PROD_DATALAKE/LAWPROD/PSGRELATE), DIM_WAGE_CODE (default/snowflake/1715075875/DATALAKE/PUBLIC/DIM_WAGE_CODE), EMPLOYEE (default/snowflake/1715075875/PROD_DATALAKE/LAWPROD/EMPLOYEE), PAY_TRAN_MEASURES_TEMP (default/snowflake/1715075875/DATALAKE/PUBLIC/PAY_TRAN_MEASURES_TEMP), DIM_ACTIVITY (default/snowflake/1715075875/DATALAKE/PUBLIC/DIM_ACTIVITY), DIM_BRAND (default/snowflake/1715075875/DATALAKE/PUBLIC/DIM_BRAND), REPORT_FPR (default/snowflake/1715075875/DATALAKE/PUBLIC/REPORT_FPR), DIM_ASSIGNMENT (default/snowflake/1715075875/DATALAKE/PUBLIC/DIM_ASSIGNMENT)","CANDIDATE_FUNNEL_POC (default/snowflake/1715075875/PROD_ENTERPRISE/OPERATIONS/CANDIDATE_FUNNEL_POC), VW_APOLLO_DASHBOARD (default/snowflake/1715075875/PROD_ENTERPRISE/OPERATIONS/VW_APOLLO_DASHBOARD), CANDIDATE_FUNNEL_POC_PRODRIVERS_T1 (default/snowflake/1715075875/PROD_ENTERPRISE/OPERATIONS/CANDIDATE_FUNNEL_POC_PRODRIVERS_T1), REPORT_FPR (default/snowflake/1715075875/DATALAKE/PUBLIC/REPORT_FPR)"
ACCOUNTING_UNIT_HIERARCHY_DIM,Table,,snowflake,PROD_EDW,ENT,3,,,"data_team, edw",VERIFIED,,,,"ACCOUNTING_UNIT_HIERARCHY_DIM, Accounting Unit",,,,"Mar 7, 2026, 3:31:18 PM",2176 queries by 24 users,HIGH USAGE,default/snowflake/1715075875/PROD_EDW/ENT/ACCOUNTING_UNIT_HIERARCHY_DIM,2123721c-4718-4a03-a2b1-015e2184a80a,3b4d1418-0818-481e-8cf9-32be1087f970,https://employbridge.atlan.com/assets/3b4d1418-0818-481e-8cf9-32be1087f970/overview?utm_source=impact_analysis_report,"DATA_SOURCE_DIM (default/snowflake/1715075875/PROD_EDW/ENT/DATA_SOURCE_DIM), GLNAMES (default/snowflake/1715075875/PROD_DATALAKE/LAWPROD/GLNAMES), APCOMPANY (default/snowflake/1715075875/PROD_DATALAKE/LAWPROD/APCOMPANY), DIM_ACCT_UNIT (default/snowflake/1715075875/DATALAKE/PUBLIC/DIM_ACCT_UNIT)","VW_ACCOUNTINGUNIT_MSA (default/snowflake/1715075875/DEV_SANDBOX_MERILYTICS/DATAWAREHOUSE/VW_ACCOUNTINGUNIT_MSA), JOBORDER_FACT (default/snowflake/1715075875/PROD_EDW/ENT/JOBORDER_FACT), LOB_DIM (default/snowflake/1715075875/PROD_EDW/ENT/LOB_DIM)"
JOBORDER_FACT,Table,,snowflake,PROD_EDW,ENT,3,,,"data_team, edw",VERIFIED,,,,,,,,"Mar 7, 2026, 3:38:49 PM",533 queries by 18 users,HIGH USAGE,default/snowflake/1715075875/PROD_EDW/ENT/JOBORDER_FACT,2123721c-4718-4a03-a2b1-015e2184a80a,6bd811a6-e7ec-4b71-bda7-b1598eaa4943,https://employbridge.atlan.com/assets/6bd811a6-e7ec-4b71-bda7-b1598eaa4943/overview?utm_source=impact_analysis_report,"STRINGMAPBASE (default/snowflake/1715075875/PROD_DATALAKE/CRM_MSCRM/STRINGMAPBASE), CDA_BRANCHBASE (default/snowflake/1715075875/PROD_DATALAKE/CRM_MSCRM/CDA_BRANCHBASE), ENTITY (default/snowflake/1715075875/PROD_DATALAKE/CRM_MSCRM/ENTITY), SHIFT_XREF_DIM (default/snowflake/1715075875/PROD_EDW/ENT/SHIFT_XREF_DIM), ACCOUNTING_UNIT_HIERARCHY_DIM (default/snowflake/1715075875/PROD_EDW/ENT/ACCOUNTING_UNIT_HIERARCHY_DIM), BRANCH_DIM (default/snowflake/1715075875/PROD_EDW/ENT/BRANCH_DIM), CUSTOMER_SF_DIM (default/snowflake/1715075875/PROD_EDW/ENT/CUSTOMER_SF_DIM), SYSTEM_USERS_DIM (default/snowflake/1715075875/PROD_EDW/ENT/SYSTEM_USERS_DIM), DATE_DIM (default/snowflake/1715075875/PROD_EDW/ENT/DATE_DIM), LOCATION_DIM (default/snowflake/1715075875/PROD_EDW/ENT/LOCATION_DIM), JOB_CODE_DIM (default/snowflake/1715075875/PROD_EDW/ENT/JOB_CODE_DIM), CUSTOMER_DIM (default/snowflake/1715075875/PROD_EDW/ENT/CUSTOMER_DIM), DATA_SOURCE_DIM (default/snowflake/1715075875/PROD_EDW/ENT/DATA_SOURCE_DIM), JOBORDER_DIM (default/snowflake/1715075875/PROD_EDW/ENT/JOBORDER_DIM), CDA_REPLACEMENTORDERTRACKINGBASE (default/snowflake/1715075875/PROD_DATALAKE/CRM_MSCRM/CDA_REPLACEMENTORDERTRACKINGBASE), CDA_JOBORDERBASE (default/snowflake/1715075875/PROD_DATALAKE/CRM_MSCRM/CDA_JOBORDERBASE), WC_CODE_DIM (default/snowflake/1715075875/PROD_EDW/ENT/WC_CODE_DIM), TIME_ENTRY_TOOL_DIM (default/snowflake/1715075875/PROD_EDW/ENT/TIME_ENTRY_TOOL_DIM), TR1__JOB__C (default/snowflake/1715075875/PROD_DATALAKE/SALESFORCE/TR1__JOB__C)",VW_ACCOUNTINGUNIT_MSA (default/snowflake/1715075875/DEV_SANDBOX_MERILYTICS/DATAWAREHOUSE/VW_ACCOUNTINGUNIT_MSA)
ACTIVE_DIRECTORY_DIM,Table,,snowflake,PROD_EDW,ENT,3,,,"data_team, edw",VERIFIED,,,,ACTIVE_DIRECTORY_DIM,,,,"Mar 7, 2026, 2:32:12 PM",503 queries by 8 users,HIGH USAGE,default/snowflake/1715075875/PROD_EDW/ENT/ACTIVE_DIRECTORY_DIM,2123721c-4718-4a03-a2b1-015e2184a80a,0229b658-bd87-4bfa-8401-514b0d4a084d,https://employbridge.atlan.com/assets/0229b658-bd87-4bfa-8401-514b0d4a084d/overview?utm_source=impact_analysis_report,"DATA_SOURCE_DIM (default/snowflake/1715075875/PROD_EDW/ENT/DATA_SOURCE_DIM), ACTIVE_DIRECTORY_JSON (default/snowflake/1715075875/PROD_EDW/ENT/ACTIVE_DIRECTORY_JSON)","VW_USERBRANCH (default/snowflake/1715075875/PROD_EDW/ENT/VW_USERBRANCH), COLLEAGUE_DIM (default/snowflake/1715075875/PROD_EDW/ENT/COLLEAGUE_DIM), SYSTEM_USERS_DIM (default/snowflake/1715075875/PROD_EDW/ENT/SYSTEM_USERS_DIM), MANUAL_USERS_DIM (default/snowflake/1715075875/PROD_EDW/ENT/MANUAL_USERS_DIM)"
COLLEAGUE_DIM,Table,,snowflake,PROD_EDW,ENT,3,,,"data_team, edw",VERIFIED,,,,COLLEAGUE_DIM,,,,"Mar 7, 2026, 2:33:03 PM",1 queries by 1 user,MODERATE USAGE,default/snowflake/1715075875/PROD_EDW/ENT/COLLEAGUE_DIM,2123721c-4718-4a03-a2b1-015e2184a80a,5b641826-4f69-421b-9543-8338072cfb90,https://employbridge.atlan.com/assets/5b641826-4f69-421b-9543-8338072cfb90/overview?utm_source=impact_analysis_report,"ACTIVE_DIRECTORY_DIM (default/snowflake/1715075875/PROD_EDW/ENT/ACTIVE_DIRECTORY_DIM), UKG_USER_DIM (default/snowflake/1715075875/PROD_EDW/ENT/UKG_USER_DIM), SYSTEM_USERS_DIM (default/snowflake/1715075875/PROD_EDW/ENT/SYSTEM_USERS_DIM), DATA_SOURCE_DIM (default/snowflake/1715075875/PROD_EDW/ENT/DATA_SOURCE_DIM)","VW_USERBRANCH (default/snowflake/1715075875/PROD_EDW/ENT/VW_USERBRANCH), MANUAL_USERS_DIM (default/snowflake/1715075875/PROD_EDW/ENT/MANUAL_USERS_DIM)"
SYSTEM_USERS_DIM,Table,,snowflake,PROD_EDW,ENT,3,,,"data_team, edw",VERIFIED,,,,,,,,"Mar 7, 2026, 2:32:20 PM",444 queries by 9 users,HIGH USAGE,default/snowflake/1715075875/PROD_EDW/ENT/SYSTEM_USERS_DIM,2123721c-4718-4a03-a2b1-015e2184a80a,cac3a8cc-3667-40ee-9a40-8ac8447e3b06,https://employbridge.atlan.com/assets/cac3a8cc-3667-40ee-9a40-8ac8447e3b06/overview?utm_source=impact_analysis_report,"ACTIVE_DIRECTORY_DIM (default/snowflake/1715075875/PROD_EDW/ENT/ACTIVE_DIRECTORY_DIM), BUSINESSUNITBASE (default/snowflake/1715075875/PROD_DATALAKE/CRM_MSCRM/BUSINESSUNITBASE), USER (default/snowflake/1715075875/PROD_DATALAKE/SALESFORCE/USER), DATA_SOURCE_DIM (default/snowflake/1715075875/PROD_EDW/ENT/DATA_SOURCE_DIM), SYSTEMUSERBASE (default/snowflake/1715075875/PROD_DATALAKE/CRM_MSCRM/SYSTEMUSERBASE)","VW_USERBRANCH (default/snowflake/1715075875/PROD_EDW/ENT/VW_USERBRANCH), JOBORDER_FACT (default/snowflake/1715075875/PROD_EDW/ENT/JOBORDER_FACT), COLLEAGUE_DIM (default/snowflake/1715075875/PROD_EDW/ENT/COLLEAGUE_DIM), MANUAL_USERS_DIM (default/snowflake/1715075875/PROD_EDW/ENT/MANUAL_USERS_DIM), EMPLOYEE_DIM (default/snowflake/1715075875/PROD_EDW/ENT_SD/EMPLOYEE_DIM)"
MANUAL_USERS_DIM,Table,,snowflake,PROD_EDW,ENT,3,,,"data_team, edw",VERIFIED,,,,,,,,"Feb 4, 2026, 9:43:56 AM",,NO USAGE,default/snowflake/1715075875/PROD_EDW/ENT/MANUAL_USERS_DIM,2123721c-4718-4a03-a2b1-015e2184a80a,21855a3b-b39b-4f31-b402-ef0acc1b60bf,https://employbridge.atlan.com/assets/21855a3b-b39b-4f31-b402-ef0acc1b60bf/overview?utm_source=impact_analysis_report,"ACTIVE_DIRECTORY_DIM (default/snowflake/1715075875/PROD_EDW/ENT/ACTIVE_DIRECTORY_DIM), COLLEAGUE_DIM (default/snowflake/1715075875/PROD_EDW/ENT/COLLEAGUE_DIM), SYSTEM_USERS_DIM (default/snowflake/1715075875/PROD_EDW/ENT/SYSTEM_USERS_DIM), USER_BRANCH_DIM (default/snowflake/1715075875/PROD_EDW/ENT/USER_BRANCH_DIM)",VW_USERBRANCH (default/snowflake/1715075875/PROD_EDW/ENT/VW_USERBRANCH)
USER_BRANCH_DIM,Table,,snowflake,PROD_EDW,ENT,3,,,"data_team, edw",VERIFIED,,,,,,,,"Mar 7, 2026, 2:34:06 PM",,NO USAGE,default/snowflake/1715075875/PROD_EDW/ENT/USER_BRANCH_DIM,2123721c-4718-4a03-a2b1-015e2184a80a,2c399df7-8320-46bc-b571-caa6a723e112,https://employbridge.atlan.com/assets/2c399df7-8320-46bc-b571-caa6a723e112/overview?utm_source=impact_analysis_report,"DATA_SOURCE_DIM (default/snowflake/1715075875/PROD_EDW/ENT/DATA_SOURCE_DIM), USER_BRANCH_DIM (default/snowflake/1715075875/PROD_EDW/ENT/USER_BRANCH_DIM), USERBUSINESSUNIT (default/snowflake/1715075875/PROD_DATALAKE/CRMUTILITY/USERBUSINESSUNIT), BRANCHBUSINESSUNIT (default/snowflake/1715075875/PROD_DATALAKE/CRMUTILITY/BRANCHBUSINESSUNIT)","VW_USERBRANCH (default/snowflake/1715075875/PROD_EDW/ENT/VW_USERBRANCH), MANUAL_USERS_DIM (default/snowflake/1715075875/PROD_EDW/ENT/MANUAL_USERS_DIM), USER_BRANCH_DIM (default/snowflake/1715075875/PROD_EDW/ENT/USER_BRANCH_DIM)"
DATE_HOLIDAYS,Table,,snowflake,PROD_EDW,STAGE,3,,,,,,,,,,,,"Mar 7, 2026, 3:30:05 PM",,NO USAGE,default/snowflake/1715075875/PROD_EDW/STAGE/DATE_HOLIDAYS,2123721c-4718-4a03-a2b1-015e2184a80a,8ed812dc-91f8-4672-9d4e-3970a53627ad,https://employbridge.atlan.com/assets/8ed812dc-91f8-4672-9d4e-3970a53627ad/overview?utm_source=impact_analysis_report,,DATE_DIM (default/snowflake/1715075875/PROD_EDW/ENT/DATE_DIM)
VW_WBS_RECAST,View,,snowflake,DEV_SANDBOX_MERILYTICS,DATAWAREHOUSE,3,,,,VERIFIED,,,,,,,,"Jul 17, 2024, 10:25:13 AM",2 queries by 2 users,MODERATE USAGE,default/snowflake/1715075875/DEV_SANDBOX_MERILYTICS/DATAWAREHOUSE/VW_WBS_RECAST,2123721c-4718-4a03-a2b1-015e2184a80a,7006be00-f4a9-4a0f-b748-ae5df98e245f,https://employbridge.atlan.com/assets/7006be00-f4a9-4a0f-b748-ae5df98e245f/overview?utm_source=impact_analysis_report,"VW_WBS_BIWEEKLY_ALT_BIWEEKLY (default/snowflake/1715075875/DEV_SANDBOX_MERILYTICS/DATAWAREHOUSE/VW_WBS_BIWEEKLY_ALT_BIWEEKLY), VW_WBS_HD_INTEGRATION_WEEKLY (default/snowflake/1715075875/DEV_SANDBOX_MERILYTICS/DATAWAREHOUSE/VW_WBS_HD_INTEGRATION_WEEKLY), VW_WBS_TDG_INTEGRATION_WEEKLY (default/snowflake/1715075875/DEV_SANDBOX_MERILYTICS/DATAWAREHOUSE/VW_WBS_TDG_INTEGRATION_WEEKLY), VW_WBS_WEEKLY (default/snowflake/1715075875/DEV_SANDBOX_MERILYTICS/DATAWAREHOUSE/VW_WBS_WEEKLY), VW_WBS_HD_INTEGRATION_MONTHLY (default/snowflake/1715075875/DEV_SANDBOX_MERILYTICS/DATAWAREHOUSE/VW_WBS_HD_INTEGRATION_MONTHLY), VW_WBS_HD_INTEGRATION_BIWEEKLY (default/snowflake/1715075875/DEV_SANDBOX_MERILYTICS/DATAWAREHOUSE/VW_WBS_HD_INTEGRATION_BIWEEKLY), VW_WBS_SS_INTEGRATION_WEEKLY (default/snowflake/1715075875/DEV_SANDBOX_MERILYTICS/DATAWAREHOUSE/VW_WBS_SS_INTEGRATION_WEEKLY), VW_WBS_SS_INTEGRATION_BIWEEKLY (default/snowflake/1715075875/DEV_SANDBOX_MERILYTICS/DATAWAREHOUSE/VW_WBS_SS_INTEGRATION_BIWEEKLY), VW_WBS_SS_INTEGRATION_MONTHLY (default/snowflake/1715075875/DEV_SANDBOX_MERILYTICS/DATAWAREHOUSE/VW_WBS_SS_INTEGRATION_MONTHLY), VW_WBS_MONTHLY (default/snowflake/1715075875/DEV_SANDBOX_MERILYTICS/DATAWAREHOUSE/VW_WBS_MONTHLY), VW_WBS_TDG_INTEGRATION_MONTHLY (default/snowflake/1715075875/DEV_SANDBOX_MERILYTICS/DATAWAREHOUSE/VW_WBS_TDG_INTEGRATION_MONTHLY), VW_WBS_TDG_INTEGRATION_BIWEEKLY (default/snowflake/1715075875/DEV_SANDBOX_MERILYTICS/DATAWAREHOUSE/VW_WBS_TDG_INTEGRATION_BIWEEKLY)",TBL_WBS_RECAST (default/snowflake/1715075875/DEV_SANDBOX_MERILYTICS/DATAWAREHOUSE/TBL_WBS_RECAST)
CDA_AREABASE,Table,,snowflake,PROD_DATALAKE,CRM_MSCRM,3,,,,,,,,,,,,"Jan 30, 2026, 2:41:19 AM",2 queries by 1 user,MODERATE USAGE,default/snowflake/1715075875/PROD_DATALAKE/CRM_MSCRM/CDA_AREABASE,2123721c-4718-4a03-a2b1-015e2184a80a,99497ca1-9b6c-4efb-b8fe-96e9e67e7fa1,https://employbridge.atlan.com/assets/99497ca1-9b6c-4efb-b8fe-96e9e67e7fa1/overview?utm_source=impact_analysis_report,attrep_changes3F84AF30F8F36C10 (default/snowflake/1715075875/PROD_DATALAKE/CRM_MSCRM/attrep_changes3F84AF30F8F36C10),BRANCH_DIM (default/snowflake/1715075875/PROD_EDW/ENT/BRANCH_DIM)
CDA_BRANCHBASE,Table,,snowflake,PROD_DATALAKE,CRM_MSCRM,3,,,,,,,,,,,,"Mar 7, 2026, 3:34:11 AM",19 queries by 3 users,HIGH USAGE,default/snowflake/1715075875/PROD_DATALAKE/CRM_MSCRM/CDA_BRANCHBASE,2123721c-4718-4a03-a2b1-015e2184a80a,b58d5ec3-e6e7-4d4b-ae3b-5642e1e195d6,https://employbridge.atlan.com/assets/b58d5ec3-e6e7-4d4b-ae3b-5642e1e195d6/overview?utm_source=impact_analysis_report,attrep_changes3F84AF30F8F36C10 (default/snowflake/1715075875/PROD_DATALAKE/CRM_MSCRM/attrep_changes3F84AF30F8F36C10),"BRANCH_DIM (default/snowflake/1715075875/PROD_EDW/ENT/BRANCH_DIM), JOBORDER_FACT (default/snowflake/1715075875/PROD_EDW/ENT/JOBORDER_FACT), LOB_DIM (default/snowflake/1715075875/PROD_EDW/ENT/LOB_DIM), DIM_ACTIVITY (default/snowflake/1715075875/DATALAKE/PUBLIC/DIM_ACTIVITY)"
BRANCH__C,Table,,snowflake,PROD_DATALAKE,SALESFORCE,3,,,,,,,,,,,,"Mar 7, 2026, 12:36:46 PM",430 queries by 12 users,HIGH USAGE,default/snowflake/1715075875/PROD_DATALAKE/SALESFORCE/BRANCH__C,2123721c-4718-4a03-a2b1-015e2184a80a,15e6fc88-b85b-4a15-b7aa-33141fb3195d,https://employbridge.atlan.com/assets/15e6fc88-b85b-4a15-b7aa-33141fb3195d/overview?utm_source=impact_analysis_report,,BRANCH_DIM (default/snowflake/1715075875/PROD_EDW/ENT/BRANCH_DIM)
DATA_SOURCE_DIM,Table,,snowflake,PROD_EDW,ENT,3,,,"data_team, edw",VERIFIED,,,,DATA_SOURCE_DIM,,,,"Mar 18, 2025, 6:01:07 PM",111 queries by 6 users,HIGH USAGE,default/snowflake/1715075875/PROD_EDW/ENT/DATA_SOURCE_DIM,2123721c-4718-4a03-a2b1-015e2184a80a,f25c9aa3-35ed-4ab2-bf40-24b74e6dc9c6,https://employbridge.atlan.com/assets/f25c9aa3-35ed-4ab2-bf40-24b74e6dc9c6/overview?utm_source=impact_analysis_report,,"BRANCH_DIM (default/snowflake/1715075875/PROD_EDW/ENT/BRANCH_DIM), FINALIZED_FACT (default/snowflake/1715075875/PROD_EDW/ENT/FINALIZED_FACT), ACCOUNTING_UNIT_HIERARCHY_DIM (default/snowflake/1715075875/PROD_EDW/ENT/ACCOUNTING_UNIT_HIERARCHY_DIM), JOBORDER_FACT (default/snowflake/1715075875/PROD_EDW/ENT/JOBORDER_FACT), ACTIVE_DIRECTORY_DIM (default/snowflake/1715075875/PROD_EDW/ENT/ACTIVE_DIRECTORY_DIM), COLLEAGUE_DIM (default/snowflake/1715075875/PROD_EDW/ENT/COLLEAGUE_DIM), SYSTEM_USERS_DIM (default/snowflake/1715075875/PROD_EDW/ENT/SYSTEM_USERS_DIM), USER_BRANCH_DIM (default/snowflake/1715075875/PROD_EDW/ENT/USER_BRANCH_DIM), LOB_DIM (default/snowflake/1715075875/PROD_EDW/ENT/LOB_DIM), CUSTOMER_SF_DIM (default/snowflake/1715075875/PROD_EDW/ENT/CUSTOMER_SF_DIM), LOCATION_DIM (default/snowflake/1715075875/PROD_EDW/ENT/LOCATION_DIM), JOB_CODE_DIM (default/snowflake/1715075875/PROD_EDW/ENT/JOB_CODE_DIM), CUSTOMER_DIM (default/snowflake/1715075875/PROD_EDW/ENT/CUSTOMER_DIM), JOBORDER_DIM (default/snowflake/1715075875/PROD_EDW/ENT/JOBORDER_DIM), WC_CODE_DIM (default/snowflake/1715075875/PROD_EDW/ENT/WC_CODE_DIM), TIME_ENTRY_TOOL_DIM (default/snowflake/1715075875/PROD_EDW/ENT/TIME_ENTRY_TOOL_DIM), UKG_USER_DIM (default/snowflake/1715075875/PROD_EDW/ENT/UKG_USER_DIM), EMPLOYEE_DIM (default/snowflake/1715075875/PROD_EDW/ENT_SD/EMPLOYEE_DIM)"
SYSTEMUSERBASE,Table,,snowflake,PROD_DATALAKE,CRM_MSCRM,3,,,,,,,,,,,,"Mar 7, 2026, 6:45:49 AM",407 queries by 6 users,HIGH USAGE,default/snowflake/1715075875/PROD_DATALAKE/CRM_MSCRM/SYSTEMUSERBASE,2123721c-4718-4a03-a2b1-015e2184a80a,3d8bf69b-ae07-47da-85f7-deaef788d9b7,https://employbridge.atlan.com/assets/3d8bf69b-ae07-47da-85f7-deaef788d9b7/overview?utm_source=impact_analysis_report,attrep_changes3F84AF30F8F36C10 (default/snowflake/1715075875/PROD_DATALAKE/CRM_MSCRM/attrep_changes3F84AF30F8F36C10),"BRANCH_DIM (default/snowflake/1715075875/PROD_EDW/ENT/BRANCH_DIM), FINALIZED_FACT (default/snowflake/1715075875/PROD_EDW/ENT/FINALIZED_FACT), REPORT_FPR (default/snowflake/1715075875/DATALAKE/PUBLIC/REPORT_FPR), SYSTEM_USERS_DIM (default/snowflake/1715075875/PROD_EDW/ENT/SYSTEM_USERS_DIM), DIM_ASSIGNMENT (default/snowflake/1715075875/DATALAKE/PUBLIC/DIM_ASSIGNMENT), CUSTOMER_DIM (default/snowflake/1715075875/PROD_EDW/ENT/CUSTOMER_DIM), EMPLOYEE_DIM (default/snowflake/1715075875/PROD_EDW/ENT_SD/EMPLOYEE_DIM)"
LOB_DIM,Table,,snowflake,PROD_EDW,ENT,3,,,"data_team, edw",VERIFIED,,,,,,,,"Mar 7, 2026, 3:33:02 PM",,NO USAGE,default/snowflake/1715075875/PROD_EDW/ENT/LOB_DIM,2123721c-4718-4a03-a2b1-015e2184a80a,e76c9d5c-0d7e-4122-ae3a-acca3114461a,https://employbridge.atlan.com/assets/e76c9d5c-0d7e-4122-ae3a-acca3114461a/overview?utm_source=impact_analysis_report,"STRINGMAPBASE (default/snowflake/1715075875/PROD_DATALAKE/CRM_MSCRM/STRINGMAPBASE), CDA_BRANCHBASE (default/snowflake/1715075875/PROD_DATALAKE/CRM_MSCRM/CDA_BRANCHBASE), ACCOUNTING_UNIT_HIERARCHY_DIM (default/snowflake/1715075875/PROD_EDW/ENT/ACCOUNTING_UNIT_HIERARCHY_DIM), DATA_SOURCE_DIM (default/snowflake/1715075875/PROD_EDW/ENT/DATA_SOURCE_DIM)",BRANCH_DIM (default/snowflake/1715075875/PROD_EDW/ENT/BRANCH_DIM)
CDA_REGIONBASE,Table,,snowflake,PROD_DATALAKE,CRM_MSCRM,3,,,,,,,,,,,,"Dec 17, 2025, 9:53:27 PM",,NO USAGE,default/snowflake/1715075875/PROD_DATALAKE/CRM_MSCRM/CDA_REGIONBASE,2123721c-4718-4a03-a2b1-015e2184a80a,00a0f088-5ef3-4e15-8924-15165282874a,https://employbridge.atlan.com/assets/00a0f088-5ef3-4e15-8924-15165282874a/overview?utm_source=impact_analysis_report,attrep_changes3F84AF30F8F36C10 (default/snowflake/1715075875/PROD_DATALAKE/CRM_MSCRM/attrep_changes3F84AF30F8F36C10),BRANCH_DIM (default/snowflake/1715075875/PROD_EDW/ENT/BRANCH_DIM)
BRANCH,Table,,snowflake,PROD_DATALAKE,OAE_PROD,3,,,,,,,,,,,,"Mar 7, 2026, 3:31:31 AM",,NO USAGE,default/snowflake/1715075875/PROD_DATALAKE/OAE_PROD/BRANCH,2123721c-4718-4a03-a2b1-015e2184a80a,4ce34ae2-775d-455c-af7c-832f1fcddf72,https://employbridge.atlan.com/assets/4ce34ae2-775d-455c-af7c-832f1fcddf72/overview?utm_source=impact_analysis_report,attrep_changesCB00D5E786785CE3 (default/snowflake/1715075875/PROD_DATALAKE/OAE_PROD/attrep_changesCB00D5E786785CE3),BRANCH_DIM (default/snowflake/1715075875/PROD_EDW/ENT/BRANCH_DIM)
EMPLOYEE_DIM,Table,,snowflake,PROD_EDW,ENT,3,,,"data_team, edw",VERIFIED,,,,,,,,"Mar 7, 2026, 3:35:38 PM",5025 queries by 15 users,HIGH USAGE,default/snowflake/1715075875/PROD_EDW/ENT/EMPLOYEE_DIM,2123721c-4718-4a03-a2b1-015e2184a80a,9e931da7-f78e-4451-8a2d-82b7280f12fe,https://employbridge.atlan.com/assets/9e931da7-f78e-4451-8a2d-82b7280f12fe/overview?utm_source=impact_analysis_report,EMPLOYEE_DIM (default/snowflake/1715075875/PROD_EDW/ENT_SD/EMPLOYEE_DIM),"VW_EMPLOYEE_STATUS (default/snowflake/1715075875/DEV_SANDBOX_MERILYTICS/DATAWAREHOUSE/VW_EMPLOYEE_STATUS), FINALIZED_FACT (default/snowflake/1715075875/PROD_EDW/ENT/FINALIZED_FACT)"
attrep_changes3F84AF30F8F36C10,Table,,snowflake,PROD_DATALAKE,CRM_MSCRM,4,,,,,,,,,,,,"Mar 7, 2026, 9:31:24 PM",,NO USAGE,default/snowflake/1715075875/PROD_DATALAKE/CRM_MSCRM/attrep_changes3F84AF30F8F36C10,2123721c-4718-4a03-a2b1-015e2184a80a,e1fb2235-73c3-41b8-a647-a896847d9030,https://employbridge.atlan.com/assets/e1fb2235-73c3-41b8-a647-a896847d9030/overview?utm_source=impact_analysis_report,,"STRINGMAPBASE (default/snowflake/1715075875/PROD_DATALAKE/CRM_MSCRM/STRINGMAPBASE), CDA_ASSIGNMENTBASE (default/snowflake/1715075875/PROD_DATALAKE/CRM_MSCRM/CDA_ASSIGNMENTBASE), CDA_ONLINEAPPLICATIONBASE (default/snowflake/1715075875/PROD_DATALAKE/CRM_MSCRM/CDA_ONLINEAPPLICATIONBASE), CDA_REPLACEMENTORDERTRACKINGBASE (default/snowflake/1715075875/PROD_DATALAKE/CRM_MSCRM/CDA_REPLACEMENTORDERTRACKINGBASE), CDA_JOBORDERBASE (default/snowflake/1715075875/PROD_DATALAKE/CRM_MSCRM/CDA_JOBORDERBASE), CDA_AREABASE (default/snowflake/1715075875/PROD_DATALAKE/CRM_MSCRM/CDA_AREABASE), CDA_BRANCHBASE (default/snowflake/1715075875/PROD_DATALAKE/CRM_MSCRM/CDA_BRANCHBASE), SYSTEMUSERBASE (default/snowflake/1715075875/PROD_DATALAKE/CRM_MSCRM/SYSTEMUSERBASE), CDA_REGIONBASE (default/snowflake/1715075875/PROD_DATALAKE/CRM_MSCRM/CDA_REGIONBASE), CDA_INTERVIEWBASE (default/snowflake/1715075875/PROD_DATALAKE/CRM_MSCRM/CDA_INTERVIEWBASE), CDA_CDA_APPOINTMENTTYPE_CDA_INTERVIEWBASE (default/snowflake/1715075875/PROD_DATALAKE/CRM_MSCRM/CDA_CDA_APPOINTMENTTYPE_CDA_INTERVIEWBASE), CDA_AIOINTERVIEWBASE (default/snowflake/1715075875/PROD_DATALAKE/CRM_MSCRM/CDA_AIOINTERVIEWBASE), CDA_APPOINTMENTTYPEBASE (default/snowflake/1715075875/PROD_DATALAKE/CRM_MSCRM/CDA_APPOINTMENTTYPEBASE), CDA_LOCATIONBASE (default/snowflake/1715075875/PROD_DATALAKE/CRM_MSCRM/CDA_LOCATIONBASE), ACCOUNTBASE (default/snowflake/1715075875/PROD_DATALAKE/CRM_MSCRM/ACCOUNTBASE), BUSINESSUNITBASE (default/snowflake/1715075875/PROD_DATALAKE/CRM_MSCRM/BUSINESSUNITBASE), CDA_JOBCODEBASE (default/snowflake/1715075875/PROD_DATALAKE/CRM_MSCRM/CDA_JOBCODEBASE), CONTACTBASE (default/snowflake/1715075875/PROD_DATALAKE/CRM_MSCRM/CONTACTBASE), CDA_WCCODEBASE (default/snowflake/1715075875/PROD_DATALAKE/CRM_MSCRM/CDA_WCCODEBASE), CDA_CDSTOOLBASE (default/snowflake/1715075875/PROD_DATALAKE/CRM_MSCRM/CDA_CDSTOOLBASE), CDA_REFERRERBASE (default/snowflake/1715075875/PROD_DATALAKE/CRM_MSCRM/CDA_REFERRERBASE)"
attrep_changesD089CE7E1DCCE970,Table,,snowflake,PROD_DATALAKE,CRM_MSCRM,4,,,,,,,,,,,,"Mar 7, 2026, 9:45:16 PM",,NO USAGE,default/snowflake/1715075875/PROD_DATALAKE/CRM_MSCRM/attrep_changesD089CE7E1DCCE970,2123721c-4718-4a03-a2b1-015e2184a80a,fe7b23f9-8c3d-48c6-8706-7d53b4bf9f97,https://employbridge.atlan.com/assets/fe7b23f9-8c3d-48c6-8706-7d53b4bf9f97/overview?utm_source=impact_analysis_report,,"AUDITBASE (default/snowflake/1715075875/PROD_DATALAKE/CRM_MSCRM/AUDITBASE), CDA_ACTIONBASE (default/snowflake/1715075875/PROD_DATALAKE/CRM_MSCRM/CDA_ACTIONBASE)"
ENTITY,Table,,snowflake,PROD_DATALAKE,CRM_MSCRM,4,,,,,,,,,,,,"Mar 7, 2026, 12:00:36 PM",4 queries by 2 users,MODERATE USAGE,default/snowflake/1715075875/PROD_DATALAKE/CRM_MSCRM/ENTITY,2123721c-4718-4a03-a2b1-015e2184a80a,de0d5994-6d59-4177-8c0e-da6aa97a7b15,https://employbridge.atlan.com/assets/de0d5994-6d59-4177-8c0e-da6aa97a7b15/overview?utm_source=impact_analysis_report,,"FINALIZED_FACT (default/snowflake/1715075875/PROD_EDW/ENT/FINALIZED_FACT), JOBORDER_FACT (default/snowflake/1715075875/PROD_EDW/ENT/JOBORDER_FACT), WC_CODE_DIM (default/snowflake/1715075875/PROD_EDW/ENT/WC_CODE_DIM)"
CDA_INTERVIEWBASE,Table,,snowflake,PROD_DATALAKE,CRM_MSCRM,4,,,,,,,,,,,,"Mar 7, 2026, 9:31:32 PM",,NO USAGE,default/snowflake/1715075875/PROD_DATALAKE/CRM_MSCRM/CDA_INTERVIEWBASE,2123721c-4718-4a03-a2b1-015e2184a80a,3d300232-a9dc-4168-bc7f-ac19f5e9b9ad,https://employbridge.atlan.com/assets/3d300232-a9dc-4168-bc7f-ac19f5e9b9ad/overview?utm_source=impact_analysis_report,attrep_changes3F84AF30F8F36C10 (default/snowflake/1715075875/PROD_DATALAKE/CRM_MSCRM/attrep_changes3F84AF30F8F36C10),INTERVIEWTABLE_CANDIDATEFUNNEL_INCLUDING_AIO (default/snowflake/1715075875/PROD_ENTERPRISE/OPERATIONS/INTERVIEWTABLE_CANDIDATEFUNNEL_INCLUDING_AIO)
CDA_CDA_APPOINTMENTTYPE_CDA_INTERVIEWBASE,Table,,snowflake,PROD_DATALAKE,CRM_MSCRM,4,,,,,,,,,,,,"Mar 7, 2026, 9:31:27 PM",,NO USAGE,default/snowflake/1715075875/PROD_DATALAKE/CRM_MSCRM/CDA_CDA_APPOINTMENTTYPE_CDA_INTERVIEWBASE,2123721c-4718-4a03-a2b1-015e2184a80a,b0855df4-807d-4723-a50c-69e7f1948f81,https://employbridge.atlan.com/assets/b0855df4-807d-4723-a50c-69e7f1948f81/overview?utm_source=impact_analysis_report,attrep_changes3F84AF30F8F36C10 (default/snowflake/1715075875/PROD_DATALAKE/CRM_MSCRM/attrep_changes3F84AF30F8F36C10),INTERVIEWTABLE_CANDIDATEFUNNEL_INCLUDING_AIO (default/snowflake/1715075875/PROD_ENTERPRISE/OPERATIONS/INTERVIEWTABLE_CANDIDATEFUNNEL_INCLUDING_AIO)
CDA_AIOINTERVIEWBASE,Table,,snowflake,PROD_DATALAKE,CRM_MSCRM,4,,,,,,,,,,,,"Mar 5, 2026, 1:07:59 AM",,NO USAGE,default/snowflake/1715075875/PROD_DATALAKE/CRM_MSCRM/CDA_AIOINTERVIEWBASE,2123721c-4718-4a03-a2b1-015e2184a80a,288dcbb3-8633-443c-8574-c6ca23a56c36,https://employbridge.atlan.com/assets/288dcbb3-8633-443c-8574-c6ca23a56c36/overview?utm_source=impact_analysis_report,attrep_changes3F84AF30F8F36C10 (default/snowflake/1715075875/PROD_DATALAKE/CRM_MSCRM/attrep_changes3F84AF30F8F36C10),INTERVIEWTABLE_CANDIDATEFUNNEL_INCLUDING_AIO (default/snowflake/1715075875/PROD_ENTERPRISE/OPERATIONS/INTERVIEWTABLE_CANDIDATEFUNNEL_INCLUDING_AIO)
CDA_APPOINTMENTTYPEBASE,Table,,snowflake,PROD_DATALAKE,CRM_MSCRM,4,,,,,,,,,,,,"Mar 6, 2026, 1:07:38 AM",,NO USAGE,default/snowflake/1715075875/PROD_DATALAKE/CRM_MSCRM/CDA_APPOINTMENTTYPEBASE,2123721c-4718-4a03-a2b1-015e2184a80a,f43296d9-6a8a-42e2-9752-961cf1a78488,https://employbridge.atlan.com/assets/f43296d9-6a8a-42e2-9752-961cf1a78488/overview?utm_source=impact_analysis_report,attrep_changes3F84AF30F8F36C10 (default/snowflake/1715075875/PROD_DATALAKE/CRM_MSCRM/attrep_changes3F84AF30F8F36C10),INTERVIEWTABLE_CANDIDATEFUNNEL_INCLUDING_AIO (default/snowflake/1715075875/PROD_ENTERPRISE/OPERATIONS/INTERVIEWTABLE_CANDIDATEFUNNEL_INCLUDING_AIO)
CDA_LOCATIONBASE,Table,,snowflake,PROD_DATALAKE,CRM_MSCRM,4,,,,,,,,,,,,"Mar 7, 2026, 6:01:46 PM",40 queries by 5 users,HIGH USAGE,default/snowflake/1715075875/PROD_DATALAKE/CRM_MSCRM/CDA_LOCATIONBASE,2123721c-4718-4a03-a2b1-015e2184a80a,818e40b8-a882-4eb4-bb4b-ca64d92fbd4e,https://employbridge.atlan.com/assets/818e40b8-a882-4eb4-bb4b-ca64d92fbd4e/overview?utm_source=impact_analysis_report,attrep_changes3F84AF30F8F36C10 (default/snowflake/1715075875/PROD_DATALAKE/CRM_MSCRM/attrep_changes3F84AF30F8F36C10),"REPORT_FPR (default/snowflake/1715075875/DATALAKE/PUBLIC/REPORT_FPR), LOCATION_DIM (default/snowflake/1715075875/PROD_EDW/ENT/LOCATION_DIM)"
ACCOUNTBASE,Table,,snowflake,PROD_DATALAKE,CRM_MSCRM,4,,,,,,,,,,,,"Mar 7, 2026, 9:16:21 PM",402 queries by 14 users,HIGH USAGE,default/snowflake/1715075875/PROD_DATALAKE/CRM_MSCRM/ACCOUNTBASE,2123721c-4718-4a03-a2b1-015e2184a80a,c0ff6480-9ef8-4fcc-8b75-c12d3cf627a1,https://employbridge.atlan.com/assets/c0ff6480-9ef8-4fcc-8b75-c12d3cf627a1/overview?utm_source=impact_analysis_report,attrep_changes3F84AF30F8F36C10 (default/snowflake/1715075875/PROD_DATALAKE/CRM_MSCRM/attrep_changes3F84AF30F8F36C10),"REPORT_FPR (default/snowflake/1715075875/DATALAKE/PUBLIC/REPORT_FPR), DIM_CUSTOMER (default/snowflake/1715075875/DATALAKE/PUBLIC/DIM_CUSTOMER), CUSTOMER_DIM (default/snowflake/1715075875/PROD_EDW/ENT/CUSTOMER_DIM), VW_WBS_BIWEEKLY_ALT_BIWEEKLY (default/snowflake/1715075875/DEV_SANDBOX_MERILYTICS/DATAWAREHOUSE/VW_WBS_BIWEEKLY_ALT_BIWEEKLY), VW_WBS_WEEKLY (default/snowflake/1715075875/DEV_SANDBOX_MERILYTICS/DATAWAREHOUSE/VW_WBS_WEEKLY), VW_WBS_MONTHLY (default/snowflake/1715075875/DEV_SANDBOX_MERILYTICS/DATAWAREHOUSE/VW_WBS_MONTHLY)"
PRTIME,Table,,snowflake,PROD_DATALAKE,LAWPROD,4,,,,,,,,,,,,"Mar 7, 2026, 5:51:01 AM",36 queries by 4 users,HIGH USAGE,default/snowflake/1715075875/PROD_DATALAKE/LAWPROD/PRTIME,2123721c-4718-4a03-a2b1-015e2184a80a,c3f77e0f-8e56-4785-9571-3ae283afc983,https://employbridge.atlan.com/assets/c3f77e0f-8e56-4785-9571-3ae283afc983/overview?utm_source=impact_analysis_report,attrep_changesE8AAABC1392E6D5F (default/snowflake/1715075875/PROD_DATALAKE/LAWPROD/attrep_changesE8AAABC1392E6D5F),"REPORT_FPR (default/snowflake/1715075875/DATALAKE/PUBLIC/REPORT_FPR), DIM_TRANS (default/snowflake/1715075875/DATALAKE/PUBLIC/DIM_TRANS), DIM_PAYRATE_TRANS (default/snowflake/1715075875/DATALAKE/PUBLIC/DIM_PAYRATE_TRANS)"
DIM_INVOICE,Table,,snowflake,DATALAKE,PUBLIC,4,,,,,,,,,,,,"Mar 7, 2026, 3:54:26 PM",,NO USAGE,default/snowflake/1715075875/DATALAKE/PUBLIC/DIM_INVOICE,2123721c-4718-4a03-a2b1-015e2184a80a,ac1bac49-786f-4e6c-8a49-7c35b112c7a7,https://employbridge.atlan.com/assets/ac1bac49-786f-4e6c-8a49-7c35b112c7a7/overview?utm_source=impact_analysis_report,"ACTRANS (default/snowflake/1715075875/PROD_DATALAKE/LAWPROD/ACTRANS), ACHISTHDR (default/snowflake/1715075875/PROD_DATALAKE/LAWPROD/ACHISTHDR), DIM_INVOICE (default/snowflake/1715075875/DATALAKE/PUBLIC/DIM_INVOICE), ACHISTDTL (default/snowflake/1715075875/PROD_DATALAKE/LAWPROD/ACHISTDTL)","REPORT_FPR (default/snowflake/1715075875/DATALAKE/PUBLIC/REPORT_FPR), DIM_INVOICE (default/snowflake/1715075875/DATALAKE/PUBLIC/DIM_INVOICE), TRANS_TEMP (default/snowflake/1715075875/DATALAKE/PUBLIC/TRANS_TEMP), REPORT_DIMENSIONS_TEMP (default/snowflake/1715075875/DATALAKE/PUBLIC/REPORT_DIMENSIONS_TEMP)"
LAWSON_DL_LDG_CONV_BILLED_CODES,Table,,snowflake,DATALAKE,PUBLIC,4,,,,,,,,,,,,"Mar 7, 2026, 4:17:51 PM",,NO USAGE,default/snowflake/1715075875/DATALAKE/PUBLIC/LAWSON_DL_LDG_CONV_BILLED_CODES,2123721c-4718-4a03-a2b1-015e2184a80a,3b9050f3-4914-4213-bb32-3a7672b76540,https://employbridge.atlan.com/assets/3b9050f3-4914-4213-bb32-3a7672b76540/overview?utm_source=impact_analysis_report,,"REPORT_FPR (default/snowflake/1715075875/DATALAKE/PUBLIC/REPORT_FPR), DIM_ACCT_CAT (default/snowflake/1715075875/DATALAKE/PUBLIC/DIM_ACCT_CAT), DIM_CONV_FACTOR (default/snowflake/1715075875/DATALAKE/PUBLIC/DIM_CONV_FACTOR)"
DIM_REGION,Table,,snowflake,DATALAKE,PUBLIC,4,,,,,,,,,,,,"Mar 7, 2026, 3:53:52 PM",,NO USAGE,default/snowflake/1715075875/DATALAKE/PUBLIC/DIM_REGION,2123721c-4718-4a03-a2b1-015e2184a80a,6845d9d7-c324-4989-91e1-967b3b4df376,https://employbridge.atlan.com/assets/6845d9d7-c324-4989-91e1-967b3b4df376/overview?utm_source=impact_analysis_report,ARCSTMXVAL (default/snowflake/1715075875/PROD_DATALAKE/LAWPROD/ARCSTMXVAL),"REPORT_FPR (default/snowflake/1715075875/DATALAKE/PUBLIC/REPORT_FPR), REPORT_DIMENSIONS_TEMP (default/snowflake/1715075875/DATALAKE/PUBLIC/REPORT_DIMENSIONS_TEMP)"
DIM_JOB_ORDER,Table,,snowflake,DATALAKE,PUBLIC,4,,,,,,,,,,,,"Mar 7, 2026, 3:54:55 PM",62 queries by 1 user,HIGH USAGE,default/snowflake/1715075875/DATALAKE/PUBLIC/DIM_JOB_ORDER,2123721c-4718-4a03-a2b1-015e2184a80a,95a10837-d9f2-4b74-b5e1-756e27f7c448,https://employbridge.atlan.com/assets/95a10837-d9f2-4b74-b5e1-756e27f7c448/overview?utm_source=impact_analysis_report,"STRINGMAPBASE (default/snowflake/1715075875/PROD_DATALAKE/CRM_MSCRM/STRINGMAPBASE), CDA_JOBCODEBASE (default/snowflake/1715075875/PROD_DATALAKE/CRM_MSCRM/CDA_JOBCODEBASE), CDA_JOBORDERBASE (default/snowflake/1715075875/PROD_DATALAKE/CRM_MSCRM/CDA_JOBORDERBASE), DIM_JOB_ORDER (default/snowflake/1715075875/DATALAKE/PUBLIC/DIM_JOB_ORDER)","REPORT_FPR (default/snowflake/1715075875/DATALAKE/PUBLIC/REPORT_FPR), DIM_JOB_ORDER (default/snowflake/1715075875/DATALAKE/PUBLIC/DIM_JOB_ORDER), REPORT_DIMENSIONS_TEMP (default/snowflake/1715075875/DATALAKE/PUBLIC/REPORT_DIMENSIONS_TEMP)"
DIM_EMPLOYEE,Table,,snowflake,DATALAKE,PUBLIC,4,,,,,,,,,,,,"Mar 7, 2026, 3:54:26 PM",4 queries by 1 user,MODERATE USAGE,default/snowflake/1715075875/DATALAKE/PUBLIC/DIM_EMPLOYEE,2123721c-4718-4a03-a2b1-015e2184a80a,cd3ef49f-3220-44b9-860d-37cafba373b4,https://employbridge.atlan.com/assets/cd3ef49f-3220-44b9-860d-37cafba373b4/overview?utm_source=impact_analysis_report,"CDA_EMPLOYEEBASE (default/snowflake/1715075875/PROD_DATALAKE/CRM_MSCRM/CDA_EMPLOYEEBASE), ACTRANS (default/snowflake/1715075875/PROD_DATALAKE/LAWPROD/ACTRANS), DIM_EMPLOYEE (default/snowflake/1715075875/DATALAKE/PUBLIC/DIM_EMPLOYEE), ACRESOURCE (default/snowflake/1715075875/PROD_DATALAKE/LAWPROD/ACRESOURCE), EMPLOYEE (default/snowflake/1715075875/PROD_DATALAKE/LAWPROD/EMPLOYEE)","REPORT_FPR (default/snowflake/1715075875/DATALAKE/PUBLIC/REPORT_FPR), DIM_EMPLOYEE (default/snowflake/1715075875/DATALAKE/PUBLIC/DIM_EMPLOYEE), REPORT_DIMENSIONS_TEMP (default/snowflake/1715075875/DATALAKE/PUBLIC/REPORT_DIMENSIONS_TEMP)"
DIM_CUSTOMER,Table,,snowflake,DATALAKE,PUBLIC,4,,,,,,,,,,,,"Mar 7, 2026, 4:07:09 PM",14 queries by 2 users,HIGH USAGE,default/snowflake/1715075875/DATALAKE/PUBLIC/DIM_CUSTOMER,2123721c-4718-4a03-a2b1-015e2184a80a,df7596e0-8dc9-40b3-b771-3cd2e421c7a0,https://employbridge.atlan.com/assets/df7596e0-8dc9-40b3-b771-3cd2e421c7a0/overview?utm_source=impact_analysis_report,"ACCOUNTBASE (default/snowflake/1715075875/PROD_DATALAKE/CRM_MSCRM/ACCOUNTBASE), ACTRANS (default/snowflake/1715075875/PROD_DATALAKE/LAWPROD/ACTRANS), DIM_CUSTOMER (default/snowflake/1715075875/DATALAKE/PUBLIC/DIM_CUSTOMER), NPG_VIP_DL_LDG_CLIENT_MASTER (default/snowflake/1715075875/PROD_NPG_VIP/LDG/NPG_VIP_DL_LDG_CLIENT_MASTER), ARCUSTOMER (default/snowflake/1715075875/PROD_DATALAKE/LAWPROD/ARCUSTOMER), ACACTIVITY (default/snowflake/1715075875/PROD_DATALAKE/LAWPROD/ACACTIVITY)","REPORT_FPR (default/snowflake/1715075875/DATALAKE/PUBLIC/REPORT_FPR), DIM_CUSTOMER (default/snowflake/1715075875/DATALAKE/PUBLIC/DIM_CUSTOMER), ACTIV_B_TEMP (default/snowflake/1715075875/DATALAKE/PUBLIC/ACTIV_B_TEMP), REPORT_DIMENSIONS_TEMP (default/snowflake/1715075875/DATALAKE/PUBLIC/REPORT_DIMENSIONS_TEMP)"
ACTIV_B_TEMP,Table,,snowflake,DATALAKE,PUBLIC,4,,,,,,,,,,,,"Mar 7, 2026, 4:07:19 PM",,NO USAGE,default/snowflake/1715075875/DATALAKE/PUBLIC/ACTIV_B_TEMP,2123721c-4718-4a03-a2b1-015e2184a80a,bfc44dc5-ce0d-4b6e-bcaf-b8bc788a3f59,https://employbridge.atlan.com/assets/bfc44dc5-ce0d-4b6e-bcaf-b8bc788a3f59/overview?utm_source=impact_analysis_report,"DIM_CUSTOMER (default/snowflake/1715075875/DATALAKE/PUBLIC/DIM_CUSTOMER), DIM_TRANS (default/snowflake/1715075875/DATALAKE/PUBLIC/DIM_TRANS), ARDISTRIB (default/snowflake/1715075875/PROD_DATALAKE/LAWPROD/ARDISTRIB), ARADJUST (default/snowflake/1715075875/PROD_DATALAKE/LAWPROD/ARADJUST)",REPORT_FPR (default/snowflake/1715075875/DATALAKE/PUBLIC/REPORT_FPR)
NPG_VIP_DL_LDG_CLIENT_MASTER,Table,,snowflake,PROD_NPG_VIP,LDG,4,,,,,,,,,,,,"Mar 7, 2026, 5:30:25 AM",5465 queries by 35 users,HIGH USAGE,default/snowflake/1715075875/PROD_NPG_VIP/LDG/NPG_VIP_DL_LDG_CLIENT_MASTER,2123721c-4718-4a03-a2b1-015e2184a80a,ef4ffd28-6908-4b7e-ae33-196722708803,https://employbridge.atlan.com/assets/ef4ffd28-6908-4b7e-ae33-196722708803/overview?utm_source=impact_analysis_report,"CRM_DL_LDG_ACCOUNTBASE (default/snowflake/1715075875/DATALAKE/PUBLIC/CRM_DL_LDG_ACCOUNTBASE), NPG_VIP_DL_LDG_CLIENT_MASTER_TEMP (default/snowflake/1715075875/PROD_NPG_VIP/LDG/NPG_VIP_DL_LDG_CLIENT_MASTER_TEMP)","REPORT_FPR (default/snowflake/1715075875/DATALAKE/PUBLIC/REPORT_FPR), DIM_CUSTOMER (default/snowflake/1715075875/DATALAKE/PUBLIC/DIM_CUSTOMER)"
ARCSTMXVAL,Table,,snowflake,PROD_DATALAKE,LAWPROD,4,,,,,,,,,,,,"Mar 7, 2026, 6:20:54 PM",81 queries by 5 users,HIGH USAGE,default/snowflake/1715075875/PROD_DATALAKE/LAWPROD/ARCSTMXVAL,2123721c-4718-4a03-a2b1-015e2184a80a,e05ff433-1af1-4357-bc60-1f31f3bff8bd,https://employbridge.atlan.com/assets/e05ff433-1af1-4357-bc60-1f31f3bff8bd/overview?utm_source=impact_analysis_report,attrep_changesC79A80AD7F0B76CB (default/snowflake/1715075875/PROD_DATALAKE/LAWPROD/attrep_changesC79A80AD7F0B76CB),"REPORT_FPR (default/snowflake/1715075875/DATALAKE/PUBLIC/REPORT_FPR), DIM_REGION (default/snowflake/1715075875/DATALAKE/PUBLIC/DIM_REGION), CUSTOMER_DIM (default/snowflake/1715075875/PROD_EDW/ENT/CUSTOMER_DIM), VW_WBS_BIWEEKLY_ALT_BIWEEKLY (default/snowflake/1715075875/DEV_SANDBOX_MERILYTICS/DATAWAREHOUSE/VW_WBS_BIWEEKLY_ALT_BIWEEKLY), VW_WBS_WEEKLY (default/snowflake/1715075875/DEV_SANDBOX_MERILYTICS/DATAWAREHOUSE/VW_WBS_WEEKLY), VW_WBS_MONTHLY (default/snowflake/1715075875/DEV_SANDBOX_MERILYTICS/DATAWAREHOUSE/VW_WBS_MONTHLY), REPORT_DIMENSIONS_TEMP (default/snowflake/1715075875/DATALAKE/PUBLIC/REPORT_DIMENSIONS_TEMP)"
ARCUSTOMER,Table,,snowflake,PROD_DATALAKE,LAWPROD,4,,,,,,,,,,,,"Mar 7, 2026, 10:22:05 AM",373 queries by 13 users,HIGH USAGE,default/snowflake/1715075875/PROD_DATALAKE/LAWPROD/ARCUSTOMER,2123721c-4718-4a03-a2b1-015e2184a80a,9d5d799f-2f10-4148-9ebc-fb75d1f9980f,https://employbridge.atlan.com/assets/9d5d799f-2f10-4148-9ebc-fb75d1f9980f/overview?utm_source=impact_analysis_report,attrep_changesC79A80AD7F0B76CB (default/snowflake/1715075875/PROD_DATALAKE/LAWPROD/attrep_changesC79A80AD7F0B76CB),"REPORT_FPR (default/snowflake/1715075875/DATALAKE/PUBLIC/REPORT_FPR), DIM_CUSTOMER (default/snowflake/1715075875/DATALAKE/PUBLIC/DIM_CUSTOMER), LOCATION_DIM (default/snowflake/1715075875/PROD_EDW/ENT/LOCATION_DIM), CUSTOMER_DIM (default/snowflake/1715075875/PROD_EDW/ENT/CUSTOMER_DIM), VW_WBS_BIWEEKLY_ALT_BIWEEKLY (default/snowflake/1715075875/DEV_SANDBOX_MERILYTICS/DATAWAREHOUSE/VW_WBS_BIWEEKLY_ALT_BIWEEKLY), VW_WBS_WEEKLY (default/snowflake/1715075875/DEV_SANDBOX_MERILYTICS/DATAWAREHOUSE/VW_WBS_WEEKLY), VW_WBS_MONTHLY (default/snowflake/1715075875/DEV_SANDBOX_MERILYTICS/DATAWAREHOUSE/VW_WBS_MONTHLY), REPORT_DIMENSIONS_TEMP (default/snowflake/1715075875/DATALAKE/PUBLIC/REPORT_DIMENSIONS_TEMP)"
PRPAYCODE,Table,,snowflake,PROD_DATALAKE,LAWPROD,4,,,,,,,,,,,,"Sep 26, 2025, 10:40:38 PM",,NO USAGE,default/snowflake/1715075875/PROD_DATALAKE/LAWPROD/PRPAYCODE,2123721c-4718-4a03-a2b1-015e2184a80a,2a9ef931-42f7-422c-b349-7be1c990288e,https://employbridge.atlan.com/assets/2a9ef931-42f7-422c-b349-7be1c990288e/overview?utm_source=impact_analysis_report,attrep_changesC79A80AD7F0B76CB (default/snowflake/1715075875/PROD_DATALAKE/LAWPROD/attrep_changesC79A80AD7F0B76CB),"REPORT_FPR (default/snowflake/1715075875/DATALAKE/PUBLIC/REPORT_FPR), DIM_PAY_CODE (default/snowflake/1715075875/DATALAKE/PUBLIC/DIM_PAY_CODE)"
DIM_TRANS,Table,,snowflake,DATALAKE,PUBLIC,4,,,,,,,,,,,,"Mar 7, 2026, 3:57:53 PM",103 queries by 2 users,HIGH USAGE,default/snowflake/1715075875/DATALAKE/PUBLIC/DIM_TRANS,2123721c-4718-4a03-a2b1-015e2184a80a,45320f93-5ba0-419f-8592-bd98991620b2,https://employbridge.atlan.com/assets/45320f93-5ba0-419f-8592-bd98991620b2/overview?utm_source=impact_analysis_report,"PRTIME (default/snowflake/1715075875/PROD_DATALAKE/LAWPROD/PRTIME), ACTRANS (default/snowflake/1715075875/PROD_DATALAKE/LAWPROD/ACTRANS), ZPYBLMATCH (default/snowflake/1715075875/PROD_DATALAKE/LAWPROD/ZPYBLMATCH), ACHISTDTL (default/snowflake/1715075875/PROD_DATALAKE/LAWPROD/ACHISTDTL), DIM_TRANS (default/snowflake/1715075875/DATALAKE/PUBLIC/DIM_TRANS), PRDISTRIB (default/snowflake/1715075875/PROD_DATALAKE/LAWPROD/PRDISTRIB)","REPORT_FPR (default/snowflake/1715075875/DATALAKE/PUBLIC/REPORT_FPR), ACTIV_B_TEMP (default/snowflake/1715075875/DATALAKE/PUBLIC/ACTIV_B_TEMP), DIM_TRANS (default/snowflake/1715075875/DATALAKE/PUBLIC/DIM_TRANS), VW_WBS_BIWEEKLY_ALT_BIWEEKLY (default/snowflake/1715075875/DEV_SANDBOX_MERILYTICS/DATAWAREHOUSE/VW_WBS_BIWEEKLY_ALT_BIWEEKLY), VW_WBS_WEEKLY (default/snowflake/1715075875/DEV_SANDBOX_MERILYTICS/DATAWAREHOUSE/VW_WBS_WEEKLY), VW_WBS_MONTHLY (default/snowflake/1715075875/DEV_SANDBOX_MERILYTICS/DATAWAREHOUSE/VW_WBS_MONTHLY), REPORT_MEASURES_PAY_TEMP (default/snowflake/1715075875/DATALAKE/PUBLIC/REPORT_MEASURES_PAY_TEMP), REPORT_MEASURES_TEMP (default/snowflake/1715075875/DATALAKE/PUBLIC/REPORT_MEASURES_TEMP), TRANS_TEMP (default/snowflake/1715075875/DATALAKE/PUBLIC/TRANS_TEMP), REPORT_DIMENSIONS_TEMP (default/snowflake/1715075875/DATALAKE/PUBLIC/REPORT_DIMENSIONS_TEMP)"
DIM_BRANCH,Table,,snowflake,DATALAKE,PUBLIC,4,,,,,,,,,,,,"Mar 7, 2026, 3:53:54 PM",,NO USAGE,default/snowflake/1715075875/DATALAKE/PUBLIC/DIM_BRANCH,2123721c-4718-4a03-a2b1-015e2184a80a,eaa87d08-d3f3-44f6-92d0-a1286b3aba90,https://employbridge.atlan.com/assets/eaa87d08-d3f3-44f6-92d0-a1286b3aba90/overview?utm_source=impact_analysis_report,ACTRANS (default/snowflake/1715075875/PROD_DATALAKE/LAWPROD/ACTRANS),REPORT_FPR (default/snowflake/1715075875/DATALAKE/PUBLIC/REPORT_FPR)
DIM_MEASURE_SUMMARY_A_TEMP,Table,,snowflake,DATALAKE,PUBLIC,4,,,,,,,,,,,,"Mar 7, 2026, 4:12:48 PM",,NO USAGE,default/snowflake/1715075875/DATALAKE/PUBLIC/DIM_MEASURE_SUMMARY_A_TEMP,2123721c-4718-4a03-a2b1-015e2184a80a,6ca7e197-0e9b-43e2-9d3f-dd62762992e0,https://employbridge.atlan.com/assets/6ca7e197-0e9b-43e2-9d3f-dd62762992e0/overview?utm_source=impact_analysis_report,"DIM_MEASURE_TEMP (default/snowflake/1715075875/DATALAKE/PUBLIC/DIM_MEASURE_TEMP), DIM_MEASURE_SUMMARY_A_TEMP (default/snowflake/1715075875/DATALAKE/PUBLIC/DIM_MEASURE_SUMMARY_A_TEMP)","REPORT_FPR (default/snowflake/1715075875/DATALAKE/PUBLIC/REPORT_FPR), DIM_MEASURE_SUMMARY_A_TEMP (default/snowflake/1715075875/DATALAKE/PUBLIC/DIM_MEASURE_SUMMARY_A_TEMP)"
DIM_PAYRATE_TRANS,Table,,snowflake,DATALAKE,PUBLIC,4,,,,,,,,,,,,"Mar 7, 2026, 3:54:41 PM",,NO USAGE,default/snowflake/1715075875/DATALAKE/PUBLIC/DIM_PAYRATE_TRANS,2123721c-4718-4a03-a2b1-015e2184a80a,58a3a4f2-2a8f-4425-9b0a-232c33bd75b1,https://employbridge.atlan.com/assets/58a3a4f2-2a8f-4425-9b0a-232c33bd75b1/overview?utm_source=impact_analysis_report,"PRTIME (default/snowflake/1715075875/PROD_DATALAKE/LAWPROD/PRTIME), ZPYBLMATCH (default/snowflake/1715075875/PROD_DATALAKE/LAWPROD/ZPYBLMATCH), DIM_PAYRATE_TRANS (default/snowflake/1715075875/DATALAKE/PUBLIC/DIM_PAYRATE_TRANS)","REPORT_FPR (default/snowflake/1715075875/DATALAKE/PUBLIC/REPORT_FPR), DIM_PAYRATE_TRANS (default/snowflake/1715075875/DATALAKE/PUBLIC/DIM_PAYRATE_TRANS), REPORT_MEASURES_PAY_TEMP (default/snowflake/1715075875/DATALAKE/PUBLIC/REPORT_MEASURES_PAY_TEMP), TRANS_TEMP (default/snowflake/1715075875/DATALAKE/PUBLIC/TRANS_TEMP), REPORT_DIMENSIONS_TEMP (default/snowflake/1715075875/DATALAKE/PUBLIC/REPORT_DIMENSIONS_TEMP)"
PSGRELATE,Table,,snowflake,PROD_DATALAKE,LAWPROD,4,,,,,,,,,,,,"Jan 23, 2026, 3:52:37 AM",,NO USAGE,default/snowflake/1715075875/PROD_DATALAKE/LAWPROD/PSGRELATE,2123721c-4718-4a03-a2b1-015e2184a80a,8585d165-85fa-4342-b2ef-edfa30d07ec6,https://employbridge.atlan.com/assets/8585d165-85fa-4342-b2ef-edfa30d07ec6/overview?utm_source=impact_analysis_report,attrep_changesC79A80AD7F0B76CB (default/snowflake/1715075875/PROD_DATALAKE/LAWPROD/attrep_changesC79A80AD7F0B76CB),REPORT_FPR (default/snowflake/1715075875/DATALAKE/PUBLIC/REPORT_FPR)
DIM_WAGE_CODE,Table,,snowflake,DATALAKE,PUBLIC,4,,,,,,,,,,,,"Mar 7, 2026, 3:53:56 PM",11 queries by 1 user,MODERATE USAGE,default/snowflake/1715075875/DATALAKE/PUBLIC/DIM_WAGE_CODE,2123721c-4718-4a03-a2b1-015e2184a80a,fc43e2b0-1564-4c7e-a498-445c8840d798,https://employbridge.atlan.com/assets/fc43e2b0-1564-4c7e-a498-445c8840d798/overview?utm_source=impact_analysis_report,"ACTRANS (default/snowflake/1715075875/PROD_DATALAKE/LAWPROD/ACTRANS), ACACCTCAT (default/snowflake/1715075875/PROD_DATALAKE/LAWPROD/ACACCTCAT), DIM_WAGE_CODE (default/snowflake/1715075875/DATALAKE/PUBLIC/DIM_WAGE_CODE)","REPORT_FPR (default/snowflake/1715075875/DATALAKE/PUBLIC/REPORT_FPR), DIM_WAGE_CODE (default/snowflake/1715075875/DATALAKE/PUBLIC/DIM_WAGE_CODE), REPORT_DIMENSIONS_TEMP (default/snowflake/1715075875/DATALAKE/PUBLIC/REPORT_DIMENSIONS_TEMP)"
EMPLOYEE,Table,,snowflake,PROD_DATALAKE,LAWPROD,4,,,,,,,,,,,,"Mar 7, 2026, 9:35:56 PM",2 queries by 2 users,MODERATE USAGE,default/snowflake/1715075875/PROD_DATALAKE/LAWPROD/EMPLOYEE,2123721c-4718-4a03-a2b1-015e2184a80a,0353aa10-9e49-473d-8fcd-677952dd5e51,https://employbridge.atlan.com/assets/0353aa10-9e49-473d-8fcd-677952dd5e51/overview?utm_source=impact_analysis_report,attrep_changesC79A80AD7F0B76CB (default/snowflake/1715075875/PROD_DATALAKE/LAWPROD/attrep_changesC79A80AD7F0B76CB),"REPORT_FPR (default/snowflake/1715075875/DATALAKE/PUBLIC/REPORT_FPR), DIM_EMPLOYEE (default/snowflake/1715075875/DATALAKE/PUBLIC/DIM_EMPLOYEE), EMPLOYEE_DIM (default/snowflake/1715075875/PROD_EDW/ENT_SD/EMPLOYEE_DIM)"
PAY_TRAN_MEASURES_TEMP,Table,,snowflake,DATALAKE,PUBLIC,4,,,,,,,,,,,,"Mar 7, 2026, 4:10:25 PM",,NO USAGE,default/snowflake/1715075875/DATALAKE/PUBLIC/PAY_TRAN_MEASURES_TEMP,2123721c-4718-4a03-a2b1-015e2184a80a,8fc9f6ae-9a26-439b-af56-b3eb8a25182a,https://employbridge.atlan.com/assets/8fc9f6ae-9a26-439b-af56-b3eb8a25182a/overview?utm_source=impact_analysis_report,"HOURS_PREP (default/snowflake/1715075875/DATALAKE/PUBLIC/HOURS_PREP), CALC_TRANAMOUNT_TEMP (default/snowflake/1715075875/DATALAKE/PUBLIC/CALC_TRANAMOUNT_TEMP), REPORT_MEASURES_PAY_TEMP (default/snowflake/1715075875/DATALAKE/PUBLIC/REPORT_MEASURES_PAY_TEMP), PREP_CALC_TRANAMOUNT (default/snowflake/1715075875/DATALAKE/PUBLIC/PREP_CALC_TRANAMOUNT), REPORT_MEASURES_TEMP (default/snowflake/1715075875/DATALAKE/PUBLIC/REPORT_MEASURES_TEMP), CALC_WORKCOMPAC (default/snowflake/1715075875/DATALAKE/PUBLIC/CALC_WORKCOMPAC)","REPORT_FPR (default/snowflake/1715075875/DATALAKE/PUBLIC/REPORT_FPR), DIM_MEASURE_TEMP (default/snowflake/1715075875/DATALAKE/PUBLIC/DIM_MEASURE_TEMP)"
DIM_ACTIVITY,Table,,snowflake,DATALAKE,PUBLIC,4,,,,,,,,,,,,"Mar 7, 2026, 3:54:20 PM",12 queries by 2 users,HIGH USAGE,default/snowflake/1715075875/DATALAKE/PUBLIC/DIM_ACTIVITY,2123721c-4718-4a03-a2b1-015e2184a80a,ca2a2373-ff1c-4fbf-ad38-04e91237ffad,https://employbridge.atlan.com/assets/ca2a2373-ff1c-4fbf-ad38-04e91237ffad/overview?utm_source=impact_analysis_report,"CDA_BRANCHBASE (default/snowflake/1715075875/PROD_DATALAKE/CRM_MSCRM/CDA_BRANCHBASE), CDA_ASSIGNMENTBASE (default/snowflake/1715075875/PROD_DATALAKE/CRM_MSCRM/CDA_ASSIGNMENTBASE), ACTRANS (default/snowflake/1715075875/PROD_DATALAKE/LAWPROD/ACTRANS), ACACTMXVAL (default/snowflake/1715075875/PROD_DATALAKE/LAWPROD/ACACTMXVAL), ACACTIVITY (default/snowflake/1715075875/PROD_DATALAKE/LAWPROD/ACACTIVITY), DIM_ACTIVITY (default/snowflake/1715075875/DATALAKE/PUBLIC/DIM_ACTIVITY)","REPORT_FPR (default/snowflake/1715075875/DATALAKE/PUBLIC/REPORT_FPR), DIM_ACTIVITY (default/snowflake/1715075875/DATALAKE/PUBLIC/DIM_ACTIVITY), VW_WBS_BIWEEKLY_ALT_BIWEEKLY (default/snowflake/1715075875/DEV_SANDBOX_MERILYTICS/DATAWAREHOUSE/VW_WBS_BIWEEKLY_ALT_BIWEEKLY), VW_WBS_WEEKLY (default/snowflake/1715075875/DEV_SANDBOX_MERILYTICS/DATAWAREHOUSE/VW_WBS_WEEKLY), VW_WBS_MONTHLY (default/snowflake/1715075875/DEV_SANDBOX_MERILYTICS/DATAWAREHOUSE/VW_WBS_MONTHLY), REPORT_DIMENSIONS_TEMP (default/snowflake/1715075875/DATALAKE/PUBLIC/REPORT_DIMENSIONS_TEMP)"
DIM_BRAND,Table,,snowflake,DATALAKE,PUBLIC,4,,,,,,,,,,,,"Mar 7, 2026, 4:18:22 PM",10 queries by 1 user,MODERATE USAGE,default/snowflake/1715075875/DATALAKE/PUBLIC/DIM_BRAND,2123721c-4718-4a03-a2b1-015e2184a80a,6abfb67c-2771-4f67-96d5-24b3dfc49cbf,https://employbridge.atlan.com/assets/6abfb67c-2771-4f67-96d5-24b3dfc49cbf/overview?utm_source=impact_analysis_report,"LAWSON_DL_LDG_ACACTMXVAL (default/snowflake/1715075875/DATALAKE/PUBLIC/LAWSON_DL_LDG_ACACTMXVAL), LAWSON_DL_LDG_ACACTIVITY (default/snowflake/1715075875/DATALAKE/PUBLIC/LAWSON_DL_LDG_ACACTIVITY), LAWSON_DL_LDG_BRAND_FORMAT (default/snowflake/1715075875/DATALAKE/PUBLIC/LAWSON_DL_LDG_BRAND_FORMAT), DIM_BRAND (default/snowflake/1715075875/DATALAKE/PUBLIC/DIM_BRAND)","REPORT_FPR (default/snowflake/1715075875/DATALAKE/PUBLIC/REPORT_FPR), DIM_BRAND (default/snowflake/1715075875/DATALAKE/PUBLIC/DIM_BRAND), VW_WBS_BIWEEKLY_ALT_BIWEEKLY (default/snowflake/1715075875/DEV_SANDBOX_MERILYTICS/DATAWAREHOUSE/VW_WBS_BIWEEKLY_ALT_BIWEEKLY), VW_WBS_WEEKLY (default/snowflake/1715075875/DEV_SANDBOX_MERILYTICS/DATAWAREHOUSE/VW_WBS_WEEKLY), VW_WBS_MONTHLY (default/snowflake/1715075875/DEV_SANDBOX_MERILYTICS/DATAWAREHOUSE/VW_WBS_MONTHLY)"
DIM_ASSIGNMENT,Table,,snowflake,DATALAKE,PUBLIC,4,,,,,,,,,,,,"Mar 7, 2026, 3:54:28 PM",2 queries by 1 user,MODERATE USAGE,default/snowflake/1715075875/DATALAKE/PUBLIC/DIM_ASSIGNMENT,2123721c-4718-4a03-a2b1-015e2184a80a,59c32697-0cfc-4456-9e37-e35dc8c89d7a,https://employbridge.atlan.com/assets/59c32697-0cfc-4456-9e37-e35dc8c89d7a/overview?utm_source=impact_analysis_report,"CDA_ASSIGNMENTBASE (default/snowflake/1715075875/PROD_DATALAKE/CRM_MSCRM/CDA_ASSIGNMENTBASE), SYSTEMUSERBASE (default/snowflake/1715075875/PROD_DATALAKE/CRM_MSCRM/SYSTEMUSERBASE), CONTACTBASE (default/snowflake/1715075875/PROD_DATALAKE/CRM_MSCRM/CONTACTBASE), DIM_ASSIGNMENT (default/snowflake/1715075875/DATALAKE/PUBLIC/DIM_ASSIGNMENT)","REPORT_FPR (default/snowflake/1715075875/DATALAKE/PUBLIC/REPORT_FPR), DIM_ASSIGNMENT (default/snowflake/1715075875/DATALAKE/PUBLIC/DIM_ASSIGNMENT), REPORT_DIMENSIONS_TEMP (default/snowflake/1715075875/DATALAKE/PUBLIC/REPORT_DIMENSIONS_TEMP)"
GLNAMES,Table,,snowflake,PROD_DATALAKE,LAWPROD,4,,,,,,,,,,,,"Mar 4, 2026, 7:35:40 PM",,NO USAGE,default/snowflake/1715075875/PROD_DATALAKE/LAWPROD/GLNAMES,2123721c-4718-4a03-a2b1-015e2184a80a,9c8c82b5-711f-41b9-b540-21fd3482f0fb,https://employbridge.atlan.com/assets/9c8c82b5-711f-41b9-b540-21fd3482f0fb/overview?utm_source=impact_analysis_report,attrep_changesC79A80AD7F0B76CB (default/snowflake/1715075875/PROD_DATALAKE/LAWPROD/attrep_changesC79A80AD7F0B76CB),ACCOUNTING_UNIT_HIERARCHY_DIM (default/snowflake/1715075875/PROD_EDW/ENT/ACCOUNTING_UNIT_HIERARCHY_DIM)
APCOMPANY,Table,,snowflake,PROD_DATALAKE,LAWPROD,4,,,,,,,,,,,,"Mar 7, 2026, 7:35:44 AM",,NO USAGE,default/snowflake/1715075875/PROD_DATALAKE/LAWPROD/APCOMPANY,2123721c-4718-4a03-a2b1-015e2184a80a,b7306c22-ebc9-43da-9d3a-884da9a68725,https://employbridge.atlan.com/assets/b7306c22-ebc9-43da-9d3a-884da9a68725/overview?utm_source=impact_analysis_report,attrep_changesC79A80AD7F0B76CB (default/snowflake/1715075875/PROD_DATALAKE/LAWPROD/attrep_changesC79A80AD7F0B76CB),ACCOUNTING_UNIT_HIERARCHY_DIM (default/snowflake/1715075875/PROD_EDW/ENT/ACCOUNTING_UNIT_HIERARCHY_DIM)
DIM_ACCT_UNIT,Table,,snowflake,DATALAKE,PUBLIC,4,,,,,,,,,,,,"Mar 7, 2026, 4:18:27 PM",42 queries by 6 users,HIGH USAGE,default/snowflake/1715075875/DATALAKE/PUBLIC/DIM_ACCT_UNIT,2123721c-4718-4a03-a2b1-015e2184a80a,e584c4f7-cd2b-4c7e-a60b-e02e41444bd2,https://employbridge.atlan.com/assets/e584c4f7-cd2b-4c7e-a60b-e02e41444bd2/overview?utm_source=impact_analysis_report,"LAWSON_DL_LDG_AU_CATEGORY_LOAD (default/snowflake/1715075875/DATALAKE/PUBLIC/LAWSON_DL_LDG_AU_CATEGORY_LOAD), LAWSON_DL_LDG_ACCOUNTING_UNIT (default/snowflake/1715075875/DATALAKE/PUBLIC/LAWSON_DL_LDG_ACCOUNTING_UNIT), DIM_ACCT_UNIT (default/snowflake/1715075875/DATALAKE/PUBLIC/DIM_ACCT_UNIT)","ACCOUNTING_UNIT_HIERARCHY_DIM (default/snowflake/1715075875/PROD_EDW/ENT/ACCOUNTING_UNIT_HIERARCHY_DIM), DIM_ACCT_UNIT (default/snowflake/1715075875/DATALAKE/PUBLIC/DIM_ACCT_UNIT)"
SHIFT_XREF_DIM,Table,,snowflake,PROD_EDW,ENT,4,,,"data_team, edw",VERIFIED,,,,,,,,"Mar 18, 2025, 7:43:21 PM",,NO USAGE,default/snowflake/1715075875/PROD_EDW/ENT/SHIFT_XREF_DIM,2123721c-4718-4a03-a2b1-015e2184a80a,fabbeaba-39de-42ff-bfd9-b7865e36107b,https://employbridge.atlan.com/assets/fabbeaba-39de-42ff-bfd9-b7865e36107b/overview?utm_source=impact_analysis_report,,JOBORDER_FACT (default/snowflake/1715075875/PROD_EDW/ENT/JOBORDER_FACT)
CUSTOMER_SF_DIM,Table,,snowflake,PROD_EDW,ENT,4,,,data_team,VERIFIED,,,,"Account, CUSTOMER_SF_DIM",,,,"Mar 7, 2026, 3:30:19 PM",2178 queries by 32 users,HIGH USAGE,default/snowflake/1715075875/PROD_EDW/ENT/CUSTOMER_SF_DIM,2123721c-4718-4a03-a2b1-015e2184a80a,7232beb3-27b5-4f24-be69-250058e94fcc,https://employbridge.atlan.com/assets/7232beb3-27b5-4f24-be69-250058e94fcc/overview?utm_source=impact_analysis_report,"RECORDTYPE (default/snowflake/1715075875/PROD_DATALAKE/SALESFORCE/RECORDTYPE), USER (default/snowflake/1715075875/PROD_DATALAKE/SALESFORCE/USER), DATA_SOURCE_DIM (default/snowflake/1715075875/PROD_EDW/ENT/DATA_SOURCE_DIM), ACCOUNT (default/snowflake/1715075875/PROD_DATALAKE/SALESFORCE/ACCOUNT), DNBCONNECT__D_B_CONNECT_COMPANY_PROFILE__C (default/snowflake/1715075875/PROD_DATALAKE/SALESFORCE/DNBCONNECT__D_B_CONNECT_COMPANY_PROFILE__C)","JOBORDER_FACT (default/snowflake/1715075875/PROD_EDW/ENT/JOBORDER_FACT), JOBORDER_DIM (default/snowflake/1715075875/PROD_EDW/ENT/JOBORDER_DIM)"
LOCATION_DIM,Table,,snowflake,PROD_EDW,ENT,4,,,"data_team, edw",VERIFIED,,,,,,,,"Mar 7, 2026, 3:32:16 PM",2803 queries by 16 users,HIGH USAGE,default/snowflake/1715075875/PROD_EDW/ENT/LOCATION_DIM,2123721c-4718-4a03-a2b1-015e2184a80a,acb62022-bdef-4566-b735-30c32694e893,https://employbridge.atlan.com/assets/acb62022-bdef-4566-b735-30c32694e893/overview?utm_source=impact_analysis_report,"STRINGMAPBASE (default/snowflake/1715075875/PROD_DATALAKE/CRM_MSCRM/STRINGMAPBASE), CDA_LOCATIONBASE (default/snowflake/1715075875/PROD_DATALAKE/CRM_MSCRM/CDA_LOCATIONBASE), LOCATIONS_CO__C (default/snowflake/1715075875/PROD_DATALAKE/SALESFORCE/LOCATIONS_CO__C), DATA_SOURCE_DIM (default/snowflake/1715075875/PROD_EDW/ENT/DATA_SOURCE_DIM), ARCUSTOMER (default/snowflake/1715075875/PROD_DATALAKE/LAWPROD/ARCUSTOMER), BILLTO (default/snowflake/1715075875/PROD_DATALAKE/LAWPROD/BILLTO), ZIP_MSA_RAW (default/snowflake/1715075875/PROD_EDW/ODS/ZIP_MSA_RAW)",JOBORDER_FACT (default/snowflake/1715075875/PROD_EDW/ENT/JOBORDER_FACT)
JOB_CODE_DIM,Table,,snowflake,PROD_EDW,ENT,4,,,"data_team, edw",VERIFIED,,,,,,,,"Mar 7, 2026, 3:32:54 PM",365 queries by 6 users,HIGH USAGE,default/snowflake/1715075875/PROD_EDW/ENT/JOB_CODE_DIM,2123721c-4718-4a03-a2b1-015e2184a80a,3fe10638-1259-4758-b373-6ca8f01f0c15,https://employbridge.atlan.com/assets/3fe10638-1259-4758-b373-6ca8f01f0c15/overview?utm_source=impact_analysis_report,"STRINGMAPBASE (default/snowflake/1715075875/PROD_DATALAKE/CRM_MSCRM/STRINGMAPBASE), CDA_JOBCODEBASE (default/snowflake/1715075875/PROD_DATALAKE/CRM_MSCRM/CDA_JOBCODEBASE), DATA_SOURCE_DIM (default/snowflake/1715075875/PROD_EDW/ENT/DATA_SOURCE_DIM), JOB_CODE__C (default/snowflake/1715075875/PROD_DATALAKE/SALESFORCE/JOB_CODE__C)",JOBORDER_FACT (default/snowflake/1715075875/PROD_EDW/ENT/JOBORDER_FACT)
CUSTOMER_DIM,Table,,snowflake,PROD_EDW,ENT,4,,,"data_team, edw",VERIFIED,,,,CUSTOMER_DIM,,,,"Mar 7, 2026, 3:34:32 PM",7827 queries by 37 users,HIGH USAGE,default/snowflake/1715075875/PROD_EDW/ENT/CUSTOMER_DIM,2123721c-4718-4a03-a2b1-015e2184a80a,9da8c64f-6b30-4445-913c-faae4fa8b824,https://employbridge.atlan.com/assets/9da8c64f-6b30-4445-913c-faae4fa8b824/overview?utm_source=impact_analysis_report,"STRINGMAPBASE (default/snowflake/1715075875/PROD_DATALAKE/CRM_MSCRM/STRINGMAPBASE), BRANCH_DIM (default/snowflake/1715075875/PROD_EDW/ENT/BRANCH_DIM), ACCOUNTBASE (default/snowflake/1715075875/PROD_DATALAKE/CRM_MSCRM/ACCOUNTBASE), DATA_SOURCE_DIM (default/snowflake/1715075875/PROD_EDW/ENT/DATA_SOURCE_DIM), SYSTEMUSERBASE (default/snowflake/1715075875/PROD_DATALAKE/CRM_MSCRM/SYSTEMUSERBASE), ARCSTMXVAL (default/snowflake/1715075875/PROD_DATALAKE/LAWPROD/ARCSTMXVAL), ARCUSTOMER (default/snowflake/1715075875/PROD_DATALAKE/LAWPROD/ARCUSTOMER), CUSTDESC (default/snowflake/1715075875/PROD_DATALAKE/LAWPROD/CUSTDESC), ARPROCLEVL (default/snowflake/1715075875/PROD_DATALAKE/LAWPROD/ARPROCLEVL), NATACCT (default/snowflake/1715075875/PROD_DATALAKE/LAWPROD/NATACCT), HS_OBJECTS_COMPANIES (default/snowflake/1715075875/PROD_EDW/STAGE/HS_OBJECTS_COMPANIES)","JOBORDER_FACT (default/snowflake/1715075875/PROD_EDW/ENT/JOBORDER_FACT), JOBORDER_DIM (default/snowflake/1715075875/PROD_EDW/ENT/JOBORDER_DIM), VW_WBS_HD_INTEGRATION_WEEKLY (default/snowflake/1715075875/DEV_SANDBOX_MERILYTICS/DATAWAREHOUSE/VW_WBS_HD_INTEGRATION_WEEKLY), VW_WBS_TDG_INTEGRATION_WEEKLY (default/snowflake/1715075875/DEV_SANDBOX_MERILYTICS/DATAWAREHOUSE/VW_WBS_TDG_INTEGRATION_WEEKLY), VW_WBS_HD_INTEGRATION_MONTHLY (default/snowflake/1715075875/DEV_SANDBOX_MERILYTICS/DATAWAREHOUSE/VW_WBS_HD_INTEGRATION_MONTHLY), VW_WBS_HD_INTEGRATION_BIWEEKLY (default/snowflake/1715075875/DEV_SANDBOX_MERILYTICS/DATAWAREHOUSE/VW_WBS_HD_INTEGRATION_BIWEEKLY), VW_WBS_SS_INTEGRATION_WEEKLY (default/snowflake/1715075875/DEV_SANDBOX_MERILYTICS/DATAWAREHOUSE/VW_WBS_SS_INTEGRATION_WEEKLY), VW_WBS_SS_INTEGRATION_BIWEEKLY (default/snowflake/1715075875/DEV_SANDBOX_MERILYTICS/DATAWAREHOUSE/VW_WBS_SS_INTEGRATION_BIWEEKLY), VW_WBS_SS_INTEGRATION_MONTHLY (default/snowflake/1715075875/DEV_SANDBOX_MERILYTICS/DATAWAREHOUSE/VW_WBS_SS_INTEGRATION_MONTHLY), VW_WBS_TDG_INTEGRATION_MONTHLY (default/snowflake/1715075875/DEV_SANDBOX_MERILYTICS/DATAWAREHOUSE/VW_WBS_TDG_INTEGRATION_MONTHLY), VW_WBS_TDG_INTEGRATION_BIWEEKLY (default/snowflake/1715075875/DEV_SANDBOX_MERILYTICS/DATAWAREHOUSE/VW_WBS_TDG_INTEGRATION_BIWEEKLY)"
JOBORDER_DIM,Table,,snowflake,PROD_EDW,ENT,4,,,"data_team, edw",VERIFIED,,,,,,,,"Mar 7, 2026, 3:33:25 PM",193 queries by 12 users,HIGH USAGE,default/snowflake/1715075875/PROD_EDW/ENT/JOBORDER_DIM,2123721c-4718-4a03-a2b1-015e2184a80a,4402d3e5-4f91-422e-a703-e7c91c10bc89,https://employbridge.atlan.com/assets/4402d3e5-4f91-422e-a703-e7c91c10bc89/overview?utm_source=impact_analysis_report,"STRINGMAPBASE (default/snowflake/1715075875/PROD_DATALAKE/CRM_MSCRM/STRINGMAPBASE), BRANCH_DIM (default/snowflake/1715075875/PROD_EDW/ENT/BRANCH_DIM), CUSTOMER_SF_DIM (default/snowflake/1715075875/PROD_EDW/ENT/CUSTOMER_SF_DIM), CUSTOMER_DIM (default/snowflake/1715075875/PROD_EDW/ENT/CUSTOMER_DIM), DATA_SOURCE_DIM (default/snowflake/1715075875/PROD_EDW/ENT/DATA_SOURCE_DIM), CDA_JOBORDERBASE (default/snowflake/1715075875/PROD_DATALAKE/CRM_MSCRM/CDA_JOBORDERBASE), TR1__JOB__C (default/snowflake/1715075875/PROD_DATALAKE/SALESFORCE/TR1__JOB__C)",JOBORDER_FACT (default/snowflake/1715075875/PROD_EDW/ENT/JOBORDER_FACT)
WC_CODE_DIM,Table,,snowflake,PROD_EDW,ENT,4,,,"data_team, edw",VERIFIED,,,,,,,,"Mar 7, 2026, 3:32:59 PM",3 queries by 1 user,MODERATE USAGE,default/snowflake/1715075875/PROD_EDW/ENT/WC_CODE_DIM,2123721c-4718-4a03-a2b1-015e2184a80a,55fc1fb4-92d0-4bd3-bc20-f0d97d9dece0,https://employbridge.atlan.com/assets/55fc1fb4-92d0-4bd3-bc20-f0d97d9dece0/overview?utm_source=impact_analysis_report,"STRINGMAPBASE (default/snowflake/1715075875/PROD_DATALAKE/CRM_MSCRM/STRINGMAPBASE), CDA_WCCODEBASE (default/snowflake/1715075875/PROD_DATALAKE/CRM_MSCRM/CDA_WCCODEBASE), ENTITY (default/snowflake/1715075875/PROD_DATALAKE/CRM_MSCRM/ENTITY), WC_CODE__C (default/snowflake/1715075875/PROD_DATALAKE/SALESFORCE/WC_CODE__C), DATA_SOURCE_DIM (default/snowflake/1715075875/PROD_EDW/ENT/DATA_SOURCE_DIM)",JOBORDER_FACT (default/snowflake/1715075875/PROD_EDW/ENT/JOBORDER_FACT)
TIME_ENTRY_TOOL_DIM,Table,,snowflake,PROD_EDW,ENT,4,,,data_team,VERIFIED,,,,,,,,"Mar 7, 2026, 3:31:56 PM",,NO USAGE,default/snowflake/1715075875/PROD_EDW/ENT/TIME_ENTRY_TOOL_DIM,2123721c-4718-4a03-a2b1-015e2184a80a,0fc47c97-26de-4d22-aaae-b19d5b03a372,https://employbridge.atlan.com/assets/0fc47c97-26de-4d22-aaae-b19d5b03a372/overview?utm_source=impact_analysis_report,"STRINGMAPBASE (default/snowflake/1715075875/PROD_DATALAKE/CRM_MSCRM/STRINGMAPBASE), CDA_CDSTOOLBASE (default/snowflake/1715075875/PROD_DATALAKE/CRM_MSCRM/CDA_CDSTOOLBASE), CDA_ASSIGNMENTBASE (default/snowflake/1715075875/PROD_DATALAKE/CRM_MSCRM/CDA_ASSIGNMENTBASE), DATA_SOURCE_DIM (default/snowflake/1715075875/PROD_EDW/ENT/DATA_SOURCE_DIM), CDA_JOBORDERBASE (default/snowflake/1715075875/PROD_DATALAKE/CRM_MSCRM/CDA_JOBORDERBASE)",JOBORDER_FACT (default/snowflake/1715075875/PROD_EDW/ENT/JOBORDER_FACT)
TR1__JOB__C,Table,,snowflake,PROD_DATALAKE,SALESFORCE,4,,,,,,,,,,,,"Mar 7, 2026, 2:15:37 PM",119 queries by 7 users,HIGH USAGE,default/snowflake/1715075875/PROD_DATALAKE/SALESFORCE/TR1__JOB__C,2123721c-4718-4a03-a2b1-015e2184a80a,913a4908-2e55-4b9e-b372-737813deafa2,https://employbridge.atlan.com/assets/913a4908-2e55-4b9e-b372-737813deafa2/overview?utm_source=impact_analysis_report,,"JOBORDER_FACT (default/snowflake/1715075875/PROD_EDW/ENT/JOBORDER_FACT), JOBORDER_DIM (default/snowflake/1715075875/PROD_EDW/ENT/JOBORDER_DIM)"
ACTIVE_DIRECTORY_JSON,Table,,snowflake,PROD_EDW,ENT,4,,,"data_team, edw",VERIFIED,,,,,,,,"Mar 7, 2026, 2:32:05 PM",,NO USAGE,default/snowflake/1715075875/PROD_EDW/ENT/ACTIVE_DIRECTORY_JSON,2123721c-4718-4a03-a2b1-015e2184a80a,1d294e64-cc79-488f-84fa-111611999b92,https://employbridge.atlan.com/assets/1d294e64-cc79-488f-84fa-111611999b92/overview?utm_source=impact_analysis_report,ACTIVE_DIRECTORY_JSON (default/snowflake/1715075875/PROD_EDW/ENT/ACTIVE_DIRECTORY_JSON),"ACTIVE_DIRECTORY_DIM (default/snowflake/1715075875/PROD_EDW/ENT/ACTIVE_DIRECTORY_DIM), ACTIVE_DIRECTORY_JSON (default/snowflake/1715075875/PROD_EDW/ENT/ACTIVE_DIRECTORY_JSON)"
UKG_USER_DIM,Table,,snowflake,PROD_EDW,ENT,4,,,"data_team, edw",VERIFIED,,,,,,,,"Mar 7, 2026, 2:32:58 PM",156 queries by 11 users,HIGH USAGE,default/snowflake/1715075875/PROD_EDW/ENT/UKG_USER_DIM,2123721c-4718-4a03-a2b1-015e2184a80a,7408da8b-69bb-469c-8f7d-62636248c2f5,https://employbridge.atlan.com/assets/7408da8b-69bb-469c-8f7d-62636248c2f5/overview?utm_source=impact_analysis_report,"DATA_SOURCE_DIM (default/snowflake/1715075875/PROD_EDW/ENT/DATA_SOURCE_DIM), EMPLOYMENT_DETAILS (default/snowflake/1715075875/PROD_DATALAKE/UKG/EMPLOYMENT_DETAILS), PERSON_DETAILS (default/snowflake/1715075875/PROD_DATALAKE/UKG/PERSON_DETAILS)",COLLEAGUE_DIM (default/snowflake/1715075875/PROD_EDW/ENT/COLLEAGUE_DIM)
BUSINESSUNITBASE,Table,,snowflake,PROD_DATALAKE,CRM_MSCRM,4,,,,,,,,,,,,"Jan 27, 2026, 11:13:17 PM",,NO USAGE,default/snowflake/1715075875/PROD_DATALAKE/CRM_MSCRM/BUSINESSUNITBASE,2123721c-4718-4a03-a2b1-015e2184a80a,e2afea05-922f-42ee-8cbd-24ab5ef584ae,https://employbridge.atlan.com/assets/e2afea05-922f-42ee-8cbd-24ab5ef584ae/overview?utm_source=impact_analysis_report,attrep_changes3F84AF30F8F36C10 (default/snowflake/1715075875/PROD_DATALAKE/CRM_MSCRM/attrep_changes3F84AF30F8F36C10),SYSTEM_USERS_DIM (default/snowflake/1715075875/PROD_EDW/ENT/SYSTEM_USERS_DIM)
USER,Table,,snowflake,PROD_DATALAKE,SALESFORCE,4,,,,,,,,,,,,"Mar 7, 2026, 1:38:01 PM",278 queries by 5 users,HIGH USAGE,default/snowflake/1715075875/PROD_DATALAKE/SALESFORCE/USER,2123721c-4718-4a03-a2b1-015e2184a80a,a0617b34-f3e2-4814-8922-af85bb19b4a4,https://employbridge.atlan.com/assets/a0617b34-f3e2-4814-8922-af85bb19b4a4/overview?utm_source=impact_analysis_report,,"SYSTEM_USERS_DIM (default/snowflake/1715075875/PROD_EDW/ENT/SYSTEM_USERS_DIM), CUSTOMER_SF_DIM (default/snowflake/1715075875/PROD_EDW/ENT/CUSTOMER_SF_DIM)"
USERBUSINESSUNIT,Table,,snowflake,PROD_DATALAKE,CRMUTILITY,4,,,,,,,,,,,,"Mar 7, 2026, 12:00:41 PM",,NO USAGE,default/snowflake/1715075875/PROD_DATALAKE/CRMUTILITY/USERBUSINESSUNIT,2123721c-4718-4a03-a2b1-015e2184a80a,7a715e7c-076e-472c-a3de-1aa5284673d6,https://employbridge.atlan.com/assets/7a715e7c-076e-472c-a3de-1aa5284673d6/overview?utm_source=impact_analysis_report,,USER_BRANCH_DIM (default/snowflake/1715075875/PROD_EDW/ENT/USER_BRANCH_DIM)
BRANCHBUSINESSUNIT,Table,,snowflake,PROD_DATALAKE,CRMUTILITY,4,,,,,,,,,,,,"Mar 7, 2026, 12:00:34 PM",,NO USAGE,default/snowflake/1715075875/PROD_DATALAKE/CRMUTILITY/BRANCHBUSINESSUNIT,2123721c-4718-4a03-a2b1-015e2184a80a,de57b5ad-aa41-4ae2-9f89-522da9f6151d,https://employbridge.atlan.com/assets/de57b5ad-aa41-4ae2-9f89-522da9f6151d/overview?utm_source=impact_analysis_report,,USER_BRANCH_DIM (default/snowflake/1715075875/PROD_EDW/ENT/USER_BRANCH_DIM)
VW_WBS_BIWEEKLY_ALT_BIWEEKLY,View,,snowflake,DEV_SANDBOX_MERILYTICS,DATAWAREHOUSE,4,,,,,,,,,,,,"Jan 23, 2024, 2:45:00 PM",1 queries by 1 user,MODERATE USAGE,default/snowflake/1715075875/DEV_SANDBOX_MERILYTICS/DATAWAREHOUSE/VW_WBS_BIWEEKLY_ALT_BIWEEKLY,2123721c-4718-4a03-a2b1-015e2184a80a,093957b6-7c25-4218-bc81-fe2172b814e1,https://employbridge.atlan.com/assets/093957b6-7c25-4218-bc81-fe2172b814e1/overview?utm_source=impact_analysis_report,"ACCOUNTBASE (default/snowflake/1715075875/PROD_DATALAKE/CRM_MSCRM/ACCOUNTBASE), DATE_DIM (default/snowflake/1715075875/PROD_EDW/ENT/DATE_DIM), ACTRANS (default/snowflake/1715075875/PROD_DATALAKE/LAWPROD/ACTRANS), DIM_ACCT_CAT (default/snowflake/1715075875/DATALAKE/PUBLIC/DIM_ACCT_CAT), ACHISTDTL (default/snowflake/1715075875/PROD_DATALAKE/LAWPROD/ACHISTDTL), ARCSTMXVAL (default/snowflake/1715075875/PROD_DATALAKE/LAWPROD/ARCSTMXVAL), ARCUSTOMER (default/snowflake/1715075875/PROD_DATALAKE/LAWPROD/ARCUSTOMER), CUSTDESC (default/snowflake/1715075875/PROD_DATALAKE/LAWPROD/CUSTDESC), ACACTMXVAL (default/snowflake/1715075875/PROD_DATALAKE/LAWPROD/ACACTMXVAL), ACACTIVITY (default/snowflake/1715075875/PROD_DATALAKE/LAWPROD/ACACTIVITY), DIM_TRANS (default/snowflake/1715075875/DATALAKE/PUBLIC/DIM_TRANS), DIM_CONV_FACTOR (default/snowflake/1715075875/DATALAKE/PUBLIC/DIM_CONV_FACTOR), CRM_DL_LDG_STRINGMAPBASE (default/snowflake/1715075875/DATALAKE/PUBLIC/CRM_DL_LDG_STRINGMAPBASE), DIM_ACTIVITY (default/snowflake/1715075875/DATALAKE/PUBLIC/DIM_ACTIVITY), DIM_BRAND (default/snowflake/1715075875/DATALAKE/PUBLIC/DIM_BRAND), NATACCT (default/snowflake/1715075875/PROD_DATALAKE/LAWPROD/NATACCT)",VW_WBS_RECAST (default/snowflake/1715075875/DEV_SANDBOX_MERILYTICS/DATAWAREHOUSE/VW_WBS_RECAST)
VW_WBS_HD_INTEGRATION_WEEKLY,View,,snowflake,DEV_SANDBOX_MERILYTICS,DATAWAREHOUSE,4,,,,,,,,,,,,"Jan 23, 2024, 2:47:41 PM",,NO USAGE,default/snowflake/1715075875/DEV_SANDBOX_MERILYTICS/DATAWAREHOUSE/VW_WBS_HD_INTEGRATION_WEEKLY,2123721c-4718-4a03-a2b1-015e2184a80a,ac5da985-7cef-458b-b3c7-c6d20abc0450,https://employbridge.atlan.com/assets/ac5da985-7cef-458b-b3c7-c6d20abc0450/overview?utm_source=impact_analysis_report,"CUSTOMER_DIM (default/snowflake/1715075875/PROD_EDW/ENT/CUSTOMER_DIM), PAY_CODES (default/snowflake/1715075875/PROD_ENTERPRISE/FINANCE/PAY_CODES), VW_HD_PAYROLL (default/snowflake/1715075875/PROD_DATALAKE/ACQUISITION/VW_HD_PAYROLL), DIM_ACQ_BRANCH_MAPPING (default/snowflake/1715075875/SANDBOX_FPA/PUBLIC/DIM_ACQ_BRANCH_MAPPING), VW_COMBINED_DIT_TRACKSOURCEDATA_ACCOUNT (default/snowflake/1715075875/PROD_ENTERPRISE/FINANCE/VW_COMBINED_DIT_TRACKSOURCEDATA_ACCOUNT)",VW_WBS_RECAST (default/snowflake/1715075875/DEV_SANDBOX_MERILYTICS/DATAWAREHOUSE/VW_WBS_RECAST)
VW_WBS_TDG_INTEGRATION_WEEKLY,View,,snowflake,DEV_SANDBOX_MERILYTICS,DATAWAREHOUSE,4,,,,VERIFIED,,,,,,,,"Jan 23, 2024, 2:42:24 PM",,NO USAGE,default/snowflake/1715075875/DEV_SANDBOX_MERILYTICS/DATAWAREHOUSE/VW_WBS_TDG_INTEGRATION_WEEKLY,2123721c-4718-4a03-a2b1-015e2184a80a,0bf6fe6d-4dd3-4386-986b-4e766b0d425b,https://employbridge.atlan.com/assets/0bf6fe6d-4dd3-4386-986b-4e766b0d425b/overview?utm_source=impact_analysis_report,"CUSTOMER_DIM (default/snowflake/1715075875/PROD_EDW/ENT/CUSTOMER_DIM), PAY_CODES (default/snowflake/1715075875/PROD_ENTERPRISE/FINANCE/PAY_CODES), DIM_ACQ_BRANCH_MAPPING (default/snowflake/1715075875/SANDBOX_FPA/PUBLIC/DIM_ACQ_BRANCH_MAPPING), VW_TDG_PAYROLL (default/snowflake/1715075875/PROD_DATALAKE/ACQUISITION/VW_TDG_PAYROLL), VW_COMBINED_DIT_TRACKSOURCEDATA_ACCOUNT (default/snowflake/1715075875/PROD_ENTERPRISE/FINANCE/VW_COMBINED_DIT_TRACKSOURCEDATA_ACCOUNT)",VW_WBS_RECAST (default/snowflake/1715075875/DEV_SANDBOX_MERILYTICS/DATAWAREHOUSE/VW_WBS_RECAST)
VW_WBS_WEEKLY,View,,snowflake,DEV_SANDBOX_MERILYTICS,DATAWAREHOUSE,4,,,,VERIFIED,,,,,,,,"Jan 23, 2024, 2:43:04 PM",1 queries by 1 user,MODERATE USAGE,default/snowflake/1715075875/DEV_SANDBOX_MERILYTICS/DATAWAREHOUSE/VW_WBS_WEEKLY,2123721c-4718-4a03-a2b1-015e2184a80a,047c3717-701d-4251-bf46-c5a7c12b2fb6,https://employbridge.atlan.com/assets/047c3717-701d-4251-bf46-c5a7c12b2fb6/overview?utm_source=impact_analysis_report,"ACCOUNTBASE (default/snowflake/1715075875/PROD_DATALAKE/CRM_MSCRM/ACCOUNTBASE), ACTRANS (default/snowflake/1715075875/PROD_DATALAKE/LAWPROD/ACTRANS), DIM_ACCT_CAT (default/snowflake/1715075875/DATALAKE/PUBLIC/DIM_ACCT_CAT), ACHISTDTL (default/snowflake/1715075875/PROD_DATALAKE/LAWPROD/ACHISTDTL), ARCSTMXVAL (default/snowflake/1715075875/PROD_DATALAKE/LAWPROD/ARCSTMXVAL), ARCUSTOMER (default/snowflake/1715075875/PROD_DATALAKE/LAWPROD/ARCUSTOMER), CUSTDESC (default/snowflake/1715075875/PROD_DATALAKE/LAWPROD/CUSTDESC), ACACTMXVAL (default/snowflake/1715075875/PROD_DATALAKE/LAWPROD/ACACTMXVAL), ACACTIVITY (default/snowflake/1715075875/PROD_DATALAKE/LAWPROD/ACACTIVITY), DIM_TRANS (default/snowflake/1715075875/DATALAKE/PUBLIC/DIM_TRANS), DIM_CONV_FACTOR (default/snowflake/1715075875/DATALAKE/PUBLIC/DIM_CONV_FACTOR), CRM_DL_LDG_STRINGMAPBASE (default/snowflake/1715075875/DATALAKE/PUBLIC/CRM_DL_LDG_STRINGMAPBASE), DIM_ACTIVITY (default/snowflake/1715075875/DATALAKE/PUBLIC/DIM_ACTIVITY), DIM_BRAND (default/snowflake/1715075875/DATALAKE/PUBLIC/DIM_BRAND), NATACCT (default/snowflake/1715075875/PROD_DATALAKE/LAWPROD/NATACCT)",VW_WBS_RECAST (default/snowflake/1715075875/DEV_SANDBOX_MERILYTICS/DATAWAREHOUSE/VW_WBS_RECAST)
VW_WBS_HD_INTEGRATION_MONTHLY,View,,snowflake,DEV_SANDBOX_MERILYTICS,DATAWAREHOUSE,4,,,,,,,,,,,,"Jan 23, 2024, 2:40:30 PM",,NO USAGE,default/snowflake/1715075875/DEV_SANDBOX_MERILYTICS/DATAWAREHOUSE/VW_WBS_HD_INTEGRATION_MONTHLY,2123721c-4718-4a03-a2b1-015e2184a80a,48a56b8f-6ad8-4f5b-85b2-51f106c80693,https://employbridge.atlan.com/assets/48a56b8f-6ad8-4f5b-85b2-51f106c80693/overview?utm_source=impact_analysis_report,"DATE_DIM (default/snowflake/1715075875/PROD_EDW/ENT/DATE_DIM), CUSTOMER_DIM (default/snowflake/1715075875/PROD_EDW/ENT/CUSTOMER_DIM), PAY_CODES (default/snowflake/1715075875/PROD_ENTERPRISE/FINANCE/PAY_CODES), VW_HD_PAYROLL (default/snowflake/1715075875/PROD_DATALAKE/ACQUISITION/VW_HD_PAYROLL), DIM_ACQ_BRANCH_MAPPING (default/snowflake/1715075875/SANDBOX_FPA/PUBLIC/DIM_ACQ_BRANCH_MAPPING), VW_COMBINED_DIT_TRACKSOURCEDATA_ACCOUNT (default/snowflake/1715075875/PROD_ENTERPRISE/FINANCE/VW_COMBINED_DIT_TRACKSOURCEDATA_ACCOUNT)",VW_WBS_RECAST (default/snowflake/1715075875/DEV_SANDBOX_MERILYTICS/DATAWAREHOUSE/VW_WBS_RECAST)
VW_WBS_HD_INTEGRATION_BIWEEKLY,View,,snowflake,DEV_SANDBOX_MERILYTICS,DATAWAREHOUSE,4,,,,VERIFIED,,,,,,,,"Jan 23, 2024, 2:35:14 PM",,NO USAGE,default/snowflake/1715075875/DEV_SANDBOX_MERILYTICS/DATAWAREHOUSE/VW_WBS_HD_INTEGRATION_BIWEEKLY,2123721c-4718-4a03-a2b1-015e2184a80a,788411e9-d66b-4710-9744-ca4b093b922d,https://employbridge.atlan.com/assets/788411e9-d66b-4710-9744-ca4b093b922d/overview?utm_source=impact_analysis_report,"DATE_DIM (default/snowflake/1715075875/PROD_EDW/ENT/DATE_DIM), CUSTOMER_DIM (default/snowflake/1715075875/PROD_EDW/ENT/CUSTOMER_DIM), PAY_CODES (default/snowflake/1715075875/PROD_ENTERPRISE/FINANCE/PAY_CODES), VW_HD_PAYROLL (default/snowflake/1715075875/PROD_DATALAKE/ACQUISITION/VW_HD_PAYROLL), DIM_ACQ_BRANCH_MAPPING (default/snowflake/1715075875/SANDBOX_FPA/PUBLIC/DIM_ACQ_BRANCH_MAPPING), VW_COMBINED_DIT_TRACKSOURCEDATA_ACCOUNT (default/snowflake/1715075875/PROD_ENTERPRISE/FINANCE/VW_COMBINED_DIT_TRACKSOURCEDATA_ACCOUNT)",VW_WBS_RECAST (default/snowflake/1715075875/DEV_SANDBOX_MERILYTICS/DATAWAREHOUSE/VW_WBS_RECAST)
VW_WBS_SS_INTEGRATION_WEEKLY,View,,snowflake,DEV_SANDBOX_MERILYTICS,DATAWAREHOUSE,4,,,,VERIFIED,,,,,,,,"Jul 17, 2024, 10:19:48 AM",,NO USAGE,default/snowflake/1715075875/DEV_SANDBOX_MERILYTICS/DATAWAREHOUSE/VW_WBS_SS_INTEGRATION_WEEKLY,2123721c-4718-4a03-a2b1-015e2184a80a,a25cd376-92f9-4060-9525-fa74de748bf2,https://employbridge.atlan.com/assets/a25cd376-92f9-4060-9525-fa74de748bf2/overview?utm_source=impact_analysis_report,"CUSTOMER_DIM (default/snowflake/1715075875/PROD_EDW/ENT/CUSTOMER_DIM), DIM_ACQ_BRANCH_MAPPING (default/snowflake/1715075875/SANDBOX_FPA/PUBLIC/DIM_ACQ_BRANCH_MAPPING), VW_SS_PAYROLL (default/snowflake/1715075875/PROD_DATALAKE/ACQUISITION/VW_SS_PAYROLL), VW_COMBINED_DIT_TRACKSOURCEDATA_ACCOUNT (default/snowflake/1715075875/PROD_ENTERPRISE/FINANCE/VW_COMBINED_DIT_TRACKSOURCEDATA_ACCOUNT), CUSTOMER (default/snowflake/1715075875/PROD_ACQUISITION/AVIONTE_HD/CUSTOMER)",VW_WBS_RECAST (default/snowflake/1715075875/DEV_SANDBOX_MERILYTICS/DATAWAREHOUSE/VW_WBS_RECAST)
VW_WBS_SS_INTEGRATION_BIWEEKLY,View,,snowflake,DEV_SANDBOX_MERILYTICS,DATAWAREHOUSE,4,,,,VERIFIED,,,,,,,,"Jan 23, 2024, 2:43:38 PM",,NO USAGE,default/snowflake/1715075875/DEV_SANDBOX_MERILYTICS/DATAWAREHOUSE/VW_WBS_SS_INTEGRATION_BIWEEKLY,2123721c-4718-4a03-a2b1-015e2184a80a,f862599b-4a21-4a04-a501-13a6bede9046,https://employbridge.atlan.com/assets/f862599b-4a21-4a04-a501-13a6bede9046/overview?utm_source=impact_analysis_report,"DATE_DIM (default/snowflake/1715075875/PROD_EDW/ENT/DATE_DIM), CUSTOMER_DIM (default/snowflake/1715075875/PROD_EDW/ENT/CUSTOMER_DIM), DIM_ACQ_BRANCH_MAPPING (default/snowflake/1715075875/SANDBOX_FPA/PUBLIC/DIM_ACQ_BRANCH_MAPPING), VW_SS_PAYROLL (default/snowflake/1715075875/PROD_DATALAKE/ACQUISITION/VW_SS_PAYROLL), VW_COMBINED_DIT_TRACKSOURCEDATA_ACCOUNT (default/snowflake/1715075875/PROD_ENTERPRISE/FINANCE/VW_COMBINED_DIT_TRACKSOURCEDATA_ACCOUNT), CUSTOMER (default/snowflake/1715075875/PROD_ACQUISITION/AVIONTE_HD/CUSTOMER)",VW_WBS_RECAST (default/snowflake/1715075875/DEV_SANDBOX_MERILYTICS/DATAWAREHOUSE/VW_WBS_RECAST)
VW_WBS_SS_INTEGRATION_MONTHLY,View,,snowflake,DEV_SANDBOX_MERILYTICS,DATAWAREHOUSE,4,,,,VERIFIED,,,,,,,,"Jan 23, 2024, 2:38:10 PM",,NO USAGE,default/snowflake/1715075875/DEV_SANDBOX_MERILYTICS/DATAWAREHOUSE/VW_WBS_SS_INTEGRATION_MONTHLY,2123721c-4718-4a03-a2b1-015e2184a80a,766dd6d4-fbea-4546-918d-9136aa2d169f,https://employbridge.atlan.com/assets/766dd6d4-fbea-4546-918d-9136aa2d169f/overview?utm_source=impact_analysis_report,"DATE_DIM (default/snowflake/1715075875/PROD_EDW/ENT/DATE_DIM), CUSTOMER_DIM (default/snowflake/1715075875/PROD_EDW/ENT/CUSTOMER_DIM), DIM_ACQ_BRANCH_MAPPING (default/snowflake/1715075875/SANDBOX_FPA/PUBLIC/DIM_ACQ_BRANCH_MAPPING), VW_SS_PAYROLL (default/snowflake/1715075875/PROD_DATALAKE/ACQUISITION/VW_SS_PAYROLL), VW_COMBINED_DIT_TRACKSOURCEDATA_ACCOUNT (default/snowflake/1715075875/PROD_ENTERPRISE/FINANCE/VW_COMBINED_DIT_TRACKSOURCEDATA_ACCOUNT), CUSTOMER (default/snowflake/1715075875/PROD_ACQUISITION/AVIONTE_HD/CUSTOMER)",VW_WBS_RECAST (default/snowflake/1715075875/DEV_SANDBOX_MERILYTICS/DATAWAREHOUSE/VW_WBS_RECAST)
VW_WBS_MONTHLY,View,,snowflake,DEV_SANDBOX_MERILYTICS,DATAWAREHOUSE,4,,,,VERIFIED,,,,,,,,"Jan 23, 2024, 2:45:46 PM",,NO USAGE,default/snowflake/1715075875/DEV_SANDBOX_MERILYTICS/DATAWAREHOUSE/VW_WBS_MONTHLY,2123721c-4718-4a03-a2b1-015e2184a80a,f62c3183-5bdd-41ef-b9c1-b60f73854456,https://employbridge.atlan.com/assets/f62c3183-5bdd-41ef-b9c1-b60f73854456/overview?utm_source=impact_analysis_report,"ACCOUNTBASE (default/snowflake/1715075875/PROD_DATALAKE/CRM_MSCRM/ACCOUNTBASE), DATE_DIM (default/snowflake/1715075875/PROD_EDW/ENT/DATE_DIM), ACTRANS (default/snowflake/1715075875/PROD_DATALAKE/LAWPROD/ACTRANS), DIM_ACCT_CAT (default/snowflake/1715075875/DATALAKE/PUBLIC/DIM_ACCT_CAT), ACHISTDTL (default/snowflake/1715075875/PROD_DATALAKE/LAWPROD/ACHISTDTL), ARCSTMXVAL (default/snowflake/1715075875/PROD_DATALAKE/LAWPROD/ARCSTMXVAL), ARCUSTOMER (default/snowflake/1715075875/PROD_DATALAKE/LAWPROD/ARCUSTOMER), CUSTDESC (default/snowflake/1715075875/PROD_DATALAKE/LAWPROD/CUSTDESC), ACACTMXVAL (default/snowflake/1715075875/PROD_DATALAKE/LAWPROD/ACACTMXVAL), ACACTIVITY (default/snowflake/1715075875/PROD_DATALAKE/LAWPROD/ACACTIVITY), DIM_TRANS (default/snowflake/1715075875/DATALAKE/PUBLIC/DIM_TRANS), DIM_CONV_FACTOR (default/snowflake/1715075875/DATALAKE/PUBLIC/DIM_CONV_FACTOR), CRM_DL_LDG_STRINGMAPBASE (default/snowflake/1715075875/DATALAKE/PUBLIC/CRM_DL_LDG_STRINGMAPBASE), DIM_ACTIVITY (default/snowflake/1715075875/DATALAKE/PUBLIC/DIM_ACTIVITY), DIM_BRAND (default/snowflake/1715075875/DATALAKE/PUBLIC/DIM_BRAND), NATACCT (default/snowflake/1715075875/PROD_DATALAKE/LAWPROD/NATACCT)",VW_WBS_RECAST (default/snowflake/1715075875/DEV_SANDBOX_MERILYTICS/DATAWAREHOUSE/VW_WBS_RECAST)
VW_WBS_TDG_INTEGRATION_MONTHLY,View,,snowflake,DEV_SANDBOX_MERILYTICS,DATAWAREHOUSE,4,,,,VERIFIED,,,,,,,,"Jan 23, 2024, 2:47:18 PM",,NO USAGE,default/snowflake/1715075875/DEV_SANDBOX_MERILYTICS/DATAWAREHOUSE/VW_WBS_TDG_INTEGRATION_MONTHLY,2123721c-4718-4a03-a2b1-015e2184a80a,75ef6d4d-5cb4-49bb-b777-afbf9cb390e0,https://employbridge.atlan.com/assets/75ef6d4d-5cb4-49bb-b777-afbf9cb390e0/overview?utm_source=impact_analysis_report,"DATE_DIM (default/snowflake/1715075875/PROD_EDW/ENT/DATE_DIM), CUSTOMER_DIM (default/snowflake/1715075875/PROD_EDW/ENT/CUSTOMER_DIM), PAY_CODES (default/snowflake/1715075875/PROD_ENTERPRISE/FINANCE/PAY_CODES), DIM_ACQ_BRANCH_MAPPING (default/snowflake/1715075875/SANDBOX_FPA/PUBLIC/DIM_ACQ_BRANCH_MAPPING), VW_TDG_PAYROLL (default/snowflake/1715075875/PROD_DATALAKE/ACQUISITION/VW_TDG_PAYROLL), VW_COMBINED_DIT_TRACKSOURCEDATA_ACCOUNT (default/snowflake/1715075875/PROD_ENTERPRISE/FINANCE/VW_COMBINED_DIT_TRACKSOURCEDATA_ACCOUNT)",VW_WBS_RECAST (default/snowflake/1715075875/DEV_SANDBOX_MERILYTICS/DATAWAREHOUSE/VW_WBS_RECAST)
VW_WBS_TDG_INTEGRATION_BIWEEKLY,View,,snowflake,DEV_SANDBOX_MERILYTICS,DATAWAREHOUSE,4,,,,VERIFIED,,,,,,,,"Jan 23, 2024, 2:41:43 PM",,NO USAGE,default/snowflake/1715075875/DEV_SANDBOX_MERILYTICS/DATAWAREHOUSE/VW_WBS_TDG_INTEGRATION_BIWEEKLY,2123721c-4718-4a03-a2b1-015e2184a80a,f315b88c-8c79-4791-8fb2-b946fbe2b657,https://employbridge.atlan.com/assets/f315b88c-8c79-4791-8fb2-b946fbe2b657/overview?utm_source=impact_analysis_report,"DATE_DIM (default/snowflake/1715075875/PROD_EDW/ENT/DATE_DIM), CUSTOMER_DIM (default/snowflake/1715075875/PROD_EDW/ENT/CUSTOMER_DIM), PAY_CODES (default/snowflake/1715075875/PROD_ENTERPRISE/FINANCE/PAY_CODES), DIM_ACQ_BRANCH_MAPPING (default/snowflake/1715075875/SANDBOX_FPA/PUBLIC/DIM_ACQ_BRANCH_MAPPING), VW_TDG_PAYROLL (default/snowflake/1715075875/PROD_DATALAKE/ACQUISITION/VW_TDG_PAYROLL), VW_COMBINED_DIT_TRACKSOURCEDATA_ACCOUNT (default/snowflake/1715075875/PROD_ENTERPRISE/FINANCE/VW_COMBINED_DIT_TRACKSOURCEDATA_ACCOUNT)",VW_WBS_RECAST (default/snowflake/1715075875/DEV_SANDBOX_MERILYTICS/DATAWAREHOUSE/VW_WBS_RECAST)
attrep_changesCB00D5E786785CE3,Table,,snowflake,PROD_DATALAKE,OAE_PROD,4,,,,,,,,,,,,"Mar 7, 2026, 9:45:38 PM",,NO USAGE,default/snowflake/1715075875/PROD_DATALAKE/OAE_PROD/attrep_changesCB00D5E786785CE3,2123721c-4718-4a03-a2b1-015e2184a80a,c699acef-d87b-45a9-bd72-f191f5189590,https://employbridge.atlan.com/assets/c699acef-d87b-45a9-bd72-f191f5189590/overview?utm_source=impact_analysis_report,,BRANCH (default/snowflake/1715075875/PROD_DATALAKE/OAE_PROD/BRANCH)
EMPLOYEE_DIM,Table,,snowflake,PROD_EDW,ENT_SD,4,,,"data_team, edw",VERIFIED,,,,,,,,"Mar 7, 2026, 3:34:54 PM",,NO USAGE,default/snowflake/1715075875/PROD_EDW/ENT_SD/EMPLOYEE_DIM,2123721c-4718-4a03-a2b1-015e2184a80a,0db01576-58d4-4e68-8df5-57a833cd8dca,https://employbridge.atlan.com/assets/0db01576-58d4-4e68-8df5-57a833cd8dca/overview?utm_source=impact_analysis_report,"STRINGMAPBASE (default/snowflake/1715075875/PROD_DATALAKE/CRM_MSCRM/STRINGMAPBASE), CDA_EMPLOYEEBASE (default/snowflake/1715075875/PROD_DATALAKE/CRM_MSCRM/CDA_EMPLOYEEBASE), BRANCH_DIM (default/snowflake/1715075875/PROD_EDW/ENT/BRANCH_DIM), SYSTEM_USERS_DIM (default/snowflake/1715075875/PROD_EDW/ENT/SYSTEM_USERS_DIM), DATA_SOURCE_DIM (default/snowflake/1715075875/PROD_EDW/ENT/DATA_SOURCE_DIM), SYSTEMUSERBASE (default/snowflake/1715075875/PROD_DATALAKE/CRM_MSCRM/SYSTEMUSERBASE), CDA_REFERRERBASE (default/snowflake/1715075875/PROD_DATALAKE/CRM_MSCRM/CDA_REFERRERBASE), ACRESOURCE (default/snowflake/1715075875/PROD_DATALAKE/LAWPROD/ACRESOURCE), EMPLOYEE (default/snowflake/1715075875/PROD_DATALAKE/LAWPROD/EMPLOYEE), ZIP_MSA_RAW (default/snowflake/1715075875/PROD_EDW/ODS/ZIP_MSA_RAW), TALENT (default/snowflake/1715075875/PROD_DATALAKE/SALESFORCE/TALENT)",EMPLOYEE_DIM (default/snowflake/1715075875/PROD_EDW/ENT/EMPLOYEE_DIM)
attrep_changesE8AAABC1392E6D5F,Table,,snowflake,PROD_DATALAKE,LAWPROD,5,,,,,,,,,,,,"Mar 7, 2026, 9:35:36 PM",,NO USAGE,default/snowflake/1715075875/PROD_DATALAKE/LAWPROD/attrep_changesE8AAABC1392E6D5F,2123721c-4718-4a03-a2b1-015e2184a80a,d2cdcbd9-6be0-4f00-8abe-8a29f654ef3d,https://employbridge.atlan.com/assets/d2cdcbd9-6be0-4f00-8abe-8a29f654ef3d/overview?utm_source=impact_analysis_report,,PRTIME (default/snowflake/1715075875/PROD_DATALAKE/LAWPROD/PRTIME)
ACTRANS,Table,,snowflake,PROD_DATALAKE,LAWPROD,5,,,,,,,,,,,,"Mar 7, 2026, 1:52:06 PM",175 queries by 12 users,HIGH USAGE,default/snowflake/1715075875/PROD_DATALAKE/LAWPROD/ACTRANS,2123721c-4718-4a03-a2b1-015e2184a80a,e3a58ffb-8f5c-436f-b31e-129bc63a7f8f,https://employbridge.atlan.com/assets/e3a58ffb-8f5c-436f-b31e-129bc63a7f8f/overview?utm_source=impact_analysis_report,attrep_changesA7F2E53834632E00 (default/snowflake/1715075875/PROD_DATALAKE/LAWPROD/attrep_changesA7F2E53834632E00),"DIM_INVOICE (default/snowflake/1715075875/DATALAKE/PUBLIC/DIM_INVOICE), DIM_EMPLOYEE (default/snowflake/1715075875/DATALAKE/PUBLIC/DIM_EMPLOYEE), DIM_CUSTOMER (default/snowflake/1715075875/DATALAKE/PUBLIC/DIM_CUSTOMER), DIM_TRANS (default/snowflake/1715075875/DATALAKE/PUBLIC/DIM_TRANS), DIM_BRANCH (default/snowflake/1715075875/DATALAKE/PUBLIC/DIM_BRANCH), DIM_WAGE_CODE (default/snowflake/1715075875/DATALAKE/PUBLIC/DIM_WAGE_CODE), DIM_ACTIVITY (default/snowflake/1715075875/DATALAKE/PUBLIC/DIM_ACTIVITY), VW_WBS_BIWEEKLY_ALT_BIWEEKLY (default/snowflake/1715075875/DEV_SANDBOX_MERILYTICS/DATAWAREHOUSE/VW_WBS_BIWEEKLY_ALT_BIWEEKLY), VW_WBS_WEEKLY (default/snowflake/1715075875/DEV_SANDBOX_MERILYTICS/DATAWAREHOUSE/VW_WBS_WEEKLY), VW_WBS_MONTHLY (default/snowflake/1715075875/DEV_SANDBOX_MERILYTICS/DATAWAREHOUSE/VW_WBS_MONTHLY)"
ACHISTHDR,Table,,snowflake,PROD_DATALAKE,LAWPROD,5,,,,,,,,,,,,"Mar 7, 2026, 6:20:48 AM",70 queries by 4 users,HIGH USAGE,default/snowflake/1715075875/PROD_DATALAKE/LAWPROD/ACHISTHDR,2123721c-4718-4a03-a2b1-015e2184a80a,153a85a9-ebb0-4767-99f6-974e39aab1eb,https://employbridge.atlan.com/assets/153a85a9-ebb0-4767-99f6-974e39aab1eb/overview?utm_source=impact_analysis_report,attrep_changesC79A80AD7F0B76CB (default/snowflake/1715075875/PROD_DATALAKE/LAWPROD/attrep_changesC79A80AD7F0B76CB),DIM_INVOICE (default/snowflake/1715075875/DATALAKE/PUBLIC/DIM_INVOICE)
ACHISTDTL,Table,,snowflake,PROD_DATALAKE,LAWPROD,5,,,,,,,,,,,,"Mar 7, 2026, 6:20:40 AM",76 queries by 2 users,HIGH USAGE,default/snowflake/1715075875/PROD_DATALAKE/LAWPROD/ACHISTDTL,2123721c-4718-4a03-a2b1-015e2184a80a,2b50fedd-28eb-4b98-94d0-de8c08870552,https://employbridge.atlan.com/assets/2b50fedd-28eb-4b98-94d0-de8c08870552/overview?utm_source=impact_analysis_report,,"DIM_INVOICE (default/snowflake/1715075875/DATALAKE/PUBLIC/DIM_INVOICE), DIM_TRANS (default/snowflake/1715075875/DATALAKE/PUBLIC/DIM_TRANS), VW_WBS_BIWEEKLY_ALT_BIWEEKLY (default/snowflake/1715075875/DEV_SANDBOX_MERILYTICS/DATAWAREHOUSE/VW_WBS_BIWEEKLY_ALT_BIWEEKLY), VW_WBS_WEEKLY (default/snowflake/1715075875/DEV_SANDBOX_MERILYTICS/DATAWAREHOUSE/VW_WBS_WEEKLY), VW_WBS_MONTHLY (default/snowflake/1715075875/DEV_SANDBOX_MERILYTICS/DATAWAREHOUSE/VW_WBS_MONTHLY)"
CDA_JOBCODEBASE,Table,,snowflake,PROD_DATALAKE,CRM_MSCRM,5,,,,,,,,,,,,"Feb 17, 2026, 8:04:28 PM",7 queries by 3 users,HIGH USAGE,default/snowflake/1715075875/PROD_DATALAKE/CRM_MSCRM/CDA_JOBCODEBASE,2123721c-4718-4a03-a2b1-015e2184a80a,776416ca-e59e-44f7-ae54-14bb295e991b,https://employbridge.atlan.com/assets/776416ca-e59e-44f7-ae54-14bb295e991b/overview?utm_source=impact_analysis_report,attrep_changes3F84AF30F8F36C10 (default/snowflake/1715075875/PROD_DATALAKE/CRM_MSCRM/attrep_changes3F84AF30F8F36C10),"DIM_JOB_ORDER (default/snowflake/1715075875/DATALAKE/PUBLIC/DIM_JOB_ORDER), JOB_CODE_DIM (default/snowflake/1715075875/PROD_EDW/ENT/JOB_CODE_DIM)"
ACRESOURCE,Table,,snowflake,PROD_DATALAKE,LAWPROD,5,,,,,,,,,,,,"Mar 5, 2026, 8:36:53 PM",,NO USAGE,default/snowflake/1715075875/PROD_DATALAKE/LAWPROD/ACRESOURCE,2123721c-4718-4a03-a2b1-015e2184a80a,a25594ff-5d15-44c2-815d-8e9a0f2e19bc,https://employbridge.atlan.com/assets/a25594ff-5d15-44c2-815d-8e9a0f2e19bc/overview?utm_source=impact_analysis_report,attrep_changesC79A80AD7F0B76CB (default/snowflake/1715075875/PROD_DATALAKE/LAWPROD/attrep_changesC79A80AD7F0B76CB),"DIM_EMPLOYEE (default/snowflake/1715075875/DATALAKE/PUBLIC/DIM_EMPLOYEE), EMPLOYEE_DIM (default/snowflake/1715075875/PROD_EDW/ENT_SD/EMPLOYEE_DIM)"
ACACTIVITY,Table,,snowflake,PROD_DATALAKE,LAWPROD,5,,,,,,,,,,,,"Mar 7, 2026, 9:06:19 PM",151 queries by 12 users,HIGH USAGE,default/snowflake/1715075875/PROD_DATALAKE/LAWPROD/ACACTIVITY,2123721c-4718-4a03-a2b1-015e2184a80a,5eab2f83-2efd-405d-8372-4446d9c9c3af,https://employbridge.atlan.com/assets/5eab2f83-2efd-405d-8372-4446d9c9c3af/overview?utm_source=impact_analysis_report,attrep_changesC79A80AD7F0B76CB (default/snowflake/1715075875/PROD_DATALAKE/LAWPROD/attrep_changesC79A80AD7F0B76CB),"DIM_CUSTOMER (default/snowflake/1715075875/DATALAKE/PUBLIC/DIM_CUSTOMER), DIM_ACTIVITY (default/snowflake/1715075875/DATALAKE/PUBLIC/DIM_ACTIVITY), VW_WBS_BIWEEKLY_ALT_BIWEEKLY (default/snowflake/1715075875/DEV_SANDBOX_MERILYTICS/DATAWAREHOUSE/VW_WBS_BIWEEKLY_ALT_BIWEEKLY), VW_WBS_WEEKLY (default/snowflake/1715075875/DEV_SANDBOX_MERILYTICS/DATAWAREHOUSE/VW_WBS_WEEKLY), VW_WBS_MONTHLY (default/snowflake/1715075875/DEV_SANDBOX_MERILYTICS/DATAWAREHOUSE/VW_WBS_MONTHLY)"
ARDISTRIB,Table,,snowflake,PROD_DATALAKE,LAWPROD,5,,,,,,,,,,,,"Mar 7, 2026, 4:20:51 PM",59 queries by 3 users,HIGH USAGE,default/snowflake/1715075875/PROD_DATALAKE/LAWPROD/ARDISTRIB,2123721c-4718-4a03-a2b1-015e2184a80a,c6ed2d85-b3a5-449a-b584-24c9c971f585,https://employbridge.atlan.com/assets/c6ed2d85-b3a5-449a-b584-24c9c971f585/overview?utm_source=impact_analysis_report,attrep_changes9802CD457CDB1170 (default/snowflake/1715075875/PROD_DATALAKE/LAWPROD/attrep_changes9802CD457CDB1170),ACTIV_B_TEMP (default/snowflake/1715075875/DATALAKE/PUBLIC/ACTIV_B_TEMP)
ARADJUST,Table,,snowflake,PROD_DATALAKE,LAWPROD,5,,,,,,,,,,,,"Mar 7, 2026, 6:50:40 AM",12 queries by 1 user,MODERATE USAGE,default/snowflake/1715075875/PROD_DATALAKE/LAWPROD/ARADJUST,2123721c-4718-4a03-a2b1-015e2184a80a,c97f1ba4-9fed-477e-8dc1-1542682f374c,https://employbridge.atlan.com/assets/c97f1ba4-9fed-477e-8dc1-1542682f374c/overview?utm_source=impact_analysis_report,attrep_changesC79A80AD7F0B76CB (default/snowflake/1715075875/PROD_DATALAKE/LAWPROD/attrep_changesC79A80AD7F0B76CB),ACTIV_B_TEMP (default/snowflake/1715075875/DATALAKE/PUBLIC/ACTIV_B_TEMP)
CRM_DL_LDG_ACCOUNTBASE,Table,,snowflake,DATALAKE,PUBLIC,5,,,,,,,,,,,,"Mar 7, 2026, 3:00:52 PM",36 queries by 3 users,HIGH USAGE,default/snowflake/1715075875/DATALAKE/PUBLIC/CRM_DL_LDG_ACCOUNTBASE,2123721c-4718-4a03-a2b1-015e2184a80a,da3f9f15-7ea7-4670-92e4-fb52167c75f7,https://employbridge.atlan.com/assets/da3f9f15-7ea7-4670-92e4-fb52167c75f7/overview?utm_source=impact_analysis_report,,NPG_VIP_DL_LDG_CLIENT_MASTER (default/snowflake/1715075875/PROD_NPG_VIP/LDG/NPG_VIP_DL_LDG_CLIENT_MASTER)
NPG_VIP_DL_LDG_CLIENT_MASTER_TEMP,Table,,snowflake,PROD_NPG_VIP,LDG,5,,,,,,,,,,,,"Mar 7, 2026, 5:30:21 AM",,NO USAGE,default/snowflake/1715075875/PROD_NPG_VIP/LDG/NPG_VIP_DL_LDG_CLIENT_MASTER_TEMP,2123721c-4718-4a03-a2b1-015e2184a80a,f3600f79-2f04-44e5-9e00-4db31af003be,https://employbridge.atlan.com/assets/f3600f79-2f04-44e5-9e00-4db31af003be/overview?utm_source=impact_analysis_report,,NPG_VIP_DL_LDG_CLIENT_MASTER (default/snowflake/1715075875/PROD_NPG_VIP/LDG/NPG_VIP_DL_LDG_CLIENT_MASTER)
attrep_changesC79A80AD7F0B76CB,Table,,snowflake,PROD_DATALAKE,LAWPROD,5,,,,,,,,,,,,"Mar 7, 2026, 9:35:34 PM",,NO USAGE,default/snowflake/1715075875/PROD_DATALAKE/LAWPROD/attrep_changesC79A80AD7F0B76CB,2123721c-4718-4a03-a2b1-015e2184a80a,9bce2b87-58b3-4a39-97a1-78f1abd7ca42,https://employbridge.atlan.com/assets/9bce2b87-58b3-4a39-97a1-78f1abd7ca42/overview?utm_source=impact_analysis_report,,"ARCSTMXVAL (default/snowflake/1715075875/PROD_DATALAKE/LAWPROD/ARCSTMXVAL), ARCUSTOMER (default/snowflake/1715075875/PROD_DATALAKE/LAWPROD/ARCUSTOMER), PRPAYCODE (default/snowflake/1715075875/PROD_DATALAKE/LAWPROD/PRPAYCODE), PSGRELATE (default/snowflake/1715075875/PROD_DATALAKE/LAWPROD/PSGRELATE), EMPLOYEE (default/snowflake/1715075875/PROD_DATALAKE/LAWPROD/EMPLOYEE), GLNAMES (default/snowflake/1715075875/PROD_DATALAKE/LAWPROD/GLNAMES), APCOMPANY (default/snowflake/1715075875/PROD_DATALAKE/LAWPROD/APCOMPANY), ACHISTHDR (default/snowflake/1715075875/PROD_DATALAKE/LAWPROD/ACHISTHDR), ACRESOURCE (default/snowflake/1715075875/PROD_DATALAKE/LAWPROD/ACRESOURCE), ACACTIVITY (default/snowflake/1715075875/PROD_DATALAKE/LAWPROD/ACACTIVITY), ARADJUST (default/snowflake/1715075875/PROD_DATALAKE/LAWPROD/ARADJUST), ZPYBLMATCH (default/snowflake/1715075875/PROD_DATALAKE/LAWPROD/ZPYBLMATCH), ACACCTCAT (default/snowflake/1715075875/PROD_DATALAKE/LAWPROD/ACACCTCAT), BILLTO (default/snowflake/1715075875/PROD_DATALAKE/LAWPROD/BILLTO), CUSTDESC (default/snowflake/1715075875/PROD_DATALAKE/LAWPROD/CUSTDESC), ARPROCLEVL (default/snowflake/1715075875/PROD_DATALAKE/LAWPROD/ARPROCLEVL), NATACCT (default/snowflake/1715075875/PROD_DATALAKE/LAWPROD/NATACCT)"
ZPYBLMATCH,Table,,snowflake,PROD_DATALAKE,LAWPROD,5,,,,,,,,,,,,"Mar 7, 2026, 6:20:57 AM",,NO USAGE,default/snowflake/1715075875/PROD_DATALAKE/LAWPROD/ZPYBLMATCH,2123721c-4718-4a03-a2b1-015e2184a80a,bef9a65f-4e85-4d6a-8dc3-0bb7b20bba9a,https://employbridge.atlan.com/assets/bef9a65f-4e85-4d6a-8dc3-0bb7b20bba9a/overview?utm_source=impact_analysis_report,attrep_changesC79A80AD7F0B76CB (default/snowflake/1715075875/PROD_DATALAKE/LAWPROD/attrep_changesC79A80AD7F0B76CB),"DIM_TRANS (default/snowflake/1715075875/DATALAKE/PUBLIC/DIM_TRANS), DIM_PAYRATE_TRANS (default/snowflake/1715075875/DATALAKE/PUBLIC/DIM_PAYRATE_TRANS)"
PRDISTRIB,Table,,snowflake,PROD_DATALAKE,LAWPROD,5,,,,,,,,,,,,"Mar 7, 2026, 10:39:04 AM",,NO USAGE,default/snowflake/1715075875/PROD_DATALAKE/LAWPROD/PRDISTRIB,2123721c-4718-4a03-a2b1-015e2184a80a,f50b54ee-9f55-4ca4-a26b-357ab403df52,https://employbridge.atlan.com/assets/f50b54ee-9f55-4ca4-a26b-357ab403df52/overview?utm_source=impact_analysis_report,attrep_changes4A8BC8380EB4A6B4 (default/snowflake/1715075875/PROD_DATALAKE/LAWPROD/attrep_changes4A8BC8380EB4A6B4),DIM_TRANS (default/snowflake/1715075875/DATALAKE/PUBLIC/DIM_TRANS)
DIM_MEASURE_TEMP,Table,,snowflake,DATALAKE,PUBLIC,5,,,,,,,,,,,,"Mar 7, 2026, 4:11:36 PM",,NO USAGE,default/snowflake/1715075875/DATALAKE/PUBLIC/DIM_MEASURE_TEMP,2123721c-4718-4a03-a2b1-015e2184a80a,b0fe55de-9ffa-44e2-8204-e226d1ee7f46,https://employbridge.atlan.com/assets/b0fe55de-9ffa-44e2-8204-e226d1ee7f46/overview?utm_source=impact_analysis_report,"PAY_TRAN_MEASURES_TEMP (default/snowflake/1715075875/DATALAKE/PUBLIC/PAY_TRAN_MEASURES_TEMP), TRANS_TEMP (default/snowflake/1715075875/DATALAKE/PUBLIC/TRANS_TEMP), REPORT_DIMENSIONS_TEMP (default/snowflake/1715075875/DATALAKE/PUBLIC/REPORT_DIMENSIONS_TEMP)",DIM_MEASURE_SUMMARY_A_TEMP (default/snowflake/1715075875/DATALAKE/PUBLIC/DIM_MEASURE_SUMMARY_A_TEMP)
ACACCTCAT,Table,,snowflake,PROD_DATALAKE,LAWPROD,5,,,,,,,,,,,,"Sep 26, 2025, 10:37:09 PM",,NO USAGE,default/snowflake/1715075875/PROD_DATALAKE/LAWPROD/ACACCTCAT,2123721c-4718-4a03-a2b1-015e2184a80a,ed9ce19b-76d7-49c6-899b-0f000e597cbc,https://employbridge.atlan.com/assets/ed9ce19b-76d7-49c6-899b-0f000e597cbc/overview?utm_source=impact_analysis_report,attrep_changesC79A80AD7F0B76CB (default/snowflake/1715075875/PROD_DATALAKE/LAWPROD/attrep_changesC79A80AD7F0B76CB),DIM_WAGE_CODE (default/snowflake/1715075875/DATALAKE/PUBLIC/DIM_WAGE_CODE)
HOURS_PREP,Table,,snowflake,DATALAKE,PUBLIC,5,,,,,,,,,,,,"Mar 7, 2026, 4:10:09 PM",,NO USAGE,default/snowflake/1715075875/DATALAKE/PUBLIC/HOURS_PREP,2123721c-4718-4a03-a2b1-015e2184a80a,628190b1-05c4-4220-b6a5-8223399edf24,https://employbridge.atlan.com/assets/628190b1-05c4-4220-b6a5-8223399edf24/overview?utm_source=impact_analysis_report,"REPORT_MEASURES_PAY_TEMP (default/snowflake/1715075875/DATALAKE/PUBLIC/REPORT_MEASURES_PAY_TEMP), TRANS_TEMP (default/snowflake/1715075875/DATALAKE/PUBLIC/TRANS_TEMP), DIM_PAY_CODE (default/snowflake/1715075875/DATALAKE/PUBLIC/DIM_PAY_CODE)","PAY_TRAN_MEASURES_TEMP (default/snowflake/1715075875/DATALAKE/PUBLIC/PAY_TRAN_MEASURES_TEMP), ACCT_CAT_COUNT (default/snowflake/1715075875/DATALAKE/PUBLIC/ACCT_CAT_COUNT)"
CALC_TRANAMOUNT_TEMP,Table,,snowflake,DATALAKE,PUBLIC,5,,,,,,,,,,,,"Mar 7, 2026, 4:09:32 PM",,NO USAGE,default/snowflake/1715075875/DATALAKE/PUBLIC/CALC_TRANAMOUNT_TEMP,2123721c-4718-4a03-a2b1-015e2184a80a,256fffe3-a2a7-4fbd-bfbc-9c7472b88366,https://employbridge.atlan.com/assets/256fffe3-a2a7-4fbd-bfbc-9c7472b88366/overview?utm_source=impact_analysis_report,"REPORT_MEASURES_PAY_TEMP (default/snowflake/1715075875/DATALAKE/PUBLIC/REPORT_MEASURES_PAY_TEMP), DIM_PAY_CODE (default/snowflake/1715075875/DATALAKE/PUBLIC/DIM_PAY_CODE), REPORT_DIMENSIONS_TEMP (default/snowflake/1715075875/DATALAKE/PUBLIC/REPORT_DIMENSIONS_TEMP)",PAY_TRAN_MEASURES_TEMP (default/snowflake/1715075875/DATALAKE/PUBLIC/PAY_TRAN_MEASURES_TEMP)
REPORT_MEASURES_PAY_TEMP,Table,,snowflake,DATALAKE,PUBLIC,5,,,,,,,,,,,,"Mar 7, 2026, 4:09:24 PM",,NO USAGE,default/snowflake/1715075875/DATALAKE/PUBLIC/REPORT_MEASURES_PAY_TEMP,2123721c-4718-4a03-a2b1-015e2184a80a,128371e5-1107-4626-bdc5-1c80656954dc,https://employbridge.atlan.com/assets/128371e5-1107-4626-bdc5-1c80656954dc/overview?utm_source=impact_analysis_report,"DIM_TRANS (default/snowflake/1715075875/DATALAKE/PUBLIC/DIM_TRANS), DIM_PAYRATE_TRANS (default/snowflake/1715075875/DATALAKE/PUBLIC/DIM_PAYRATE_TRANS), DIM_PAY_CODE (default/snowflake/1715075875/DATALAKE/PUBLIC/DIM_PAY_CODE)","PAY_TRAN_MEASURES_TEMP (default/snowflake/1715075875/DATALAKE/PUBLIC/PAY_TRAN_MEASURES_TEMP), HOURS_PREP (default/snowflake/1715075875/DATALAKE/PUBLIC/HOURS_PREP), CALC_TRANAMOUNT_TEMP (default/snowflake/1715075875/DATALAKE/PUBLIC/CALC_TRANAMOUNT_TEMP)"
PREP_CALC_TRANAMOUNT,Table,,snowflake,DATALAKE,PUBLIC,5,,,,,,,,,,,,"Mar 7, 2026, 4:10:05 PM",,NO USAGE,default/snowflake/1715075875/DATALAKE/PUBLIC/PREP_CALC_TRANAMOUNT,2123721c-4718-4a03-a2b1-015e2184a80a,36fde221-5055-4533-ad45-3a74ff817be3,https://employbridge.atlan.com/assets/36fde221-5055-4533-ad45-3a74ff817be3/overview?utm_source=impact_analysis_report,"ACT_TRAN_AMT_TOTAL (default/snowflake/1715075875/DATALAKE/PUBLIC/ACT_TRAN_AMT_TOTAL), TRANS_TEMP (default/snowflake/1715075875/DATALAKE/PUBLIC/TRANS_TEMP), DIM_PAY_CODE (default/snowflake/1715075875/DATALAKE/PUBLIC/DIM_PAY_CODE), PREP_CALC_TRANAMOUNT (default/snowflake/1715075875/DATALAKE/PUBLIC/PREP_CALC_TRANAMOUNT)","PAY_TRAN_MEASURES_TEMP (default/snowflake/1715075875/DATALAKE/PUBLIC/PAY_TRAN_MEASURES_TEMP), PREP_CALC_TRANAMOUNT (default/snowflake/1715075875/DATALAKE/PUBLIC/PREP_CALC_TRANAMOUNT)"
REPORT_MEASURES_TEMP,Table,,snowflake,DATALAKE,PUBLIC,5,,,,,,,,,,,,"Mar 7, 2026, 4:09:15 PM",,NO USAGE,default/snowflake/1715075875/DATALAKE/PUBLIC/REPORT_MEASURES_TEMP,2123721c-4718-4a03-a2b1-015e2184a80a,2a2fe275-7df9-4992-a303-b77ce20645f1,https://employbridge.atlan.com/assets/2a2fe275-7df9-4992-a303-b77ce20645f1/overview?utm_source=impact_analysis_report,DIM_TRANS (default/snowflake/1715075875/DATALAKE/PUBLIC/DIM_TRANS),"PAY_TRAN_MEASURES_TEMP (default/snowflake/1715075875/DATALAKE/PUBLIC/PAY_TRAN_MEASURES_TEMP), CALC_WORKCOMPAC (default/snowflake/1715075875/DATALAKE/PUBLIC/CALC_WORKCOMPAC)"
CALC_WORKCOMPAC,Table,,snowflake,DATALAKE,PUBLIC,5,,,,,,,,,,,,"Mar 7, 2026, 4:10:13 PM",,NO USAGE,default/snowflake/1715075875/DATALAKE/PUBLIC/CALC_WORKCOMPAC,2123721c-4718-4a03-a2b1-015e2184a80a,886ebd3b-6472-4688-bd06-626ee4093504,https://employbridge.atlan.com/assets/886ebd3b-6472-4688-bd06-626ee4093504/overview?utm_source=impact_analysis_report,"ACCT_CAT_COUNT (default/snowflake/1715075875/DATALAKE/PUBLIC/ACCT_CAT_COUNT), REPORT_MEASURES_TEMP (default/snowflake/1715075875/DATALAKE/PUBLIC/REPORT_MEASURES_TEMP)",PAY_TRAN_MEASURES_TEMP (default/snowflake/1715075875/DATALAKE/PUBLIC/PAY_TRAN_MEASURES_TEMP)
ACACTMXVAL,Table,,snowflake,PROD_DATALAKE,LAWPROD,5,,,,,,,,,,,,"Mar 7, 2026, 9:06:03 PM",72 queries by 5 users,HIGH USAGE,default/snowflake/1715075875/PROD_DATALAKE/LAWPROD/ACACTMXVAL,2123721c-4718-4a03-a2b1-015e2184a80a,118dfff7-58c3-4efa-a300-a7dcb1883914,https://employbridge.atlan.com/assets/118dfff7-58c3-4efa-a300-a7dcb1883914/overview?utm_source=impact_analysis_report,attrep_changes9802CD457CDB1170 (default/snowflake/1715075875/PROD_DATALAKE/LAWPROD/attrep_changes9802CD457CDB1170),"DIM_ACTIVITY (default/snowflake/1715075875/DATALAKE/PUBLIC/DIM_ACTIVITY), VW_WBS_BIWEEKLY_ALT_BIWEEKLY (default/snowflake/1715075875/DEV_SANDBOX_MERILYTICS/DATAWAREHOUSE/VW_WBS_BIWEEKLY_ALT_BIWEEKLY), VW_WBS_WEEKLY (default/snowflake/1715075875/DEV_SANDBOX_MERILYTICS/DATAWAREHOUSE/VW_WBS_WEEKLY), VW_WBS_MONTHLY (default/snowflake/1715075875/DEV_SANDBOX_MERILYTICS/DATAWAREHOUSE/VW_WBS_MONTHLY)"
LAWSON_DL_LDG_ACACTMXVAL,Table,,snowflake,DATALAKE,PUBLIC,5,,,,,,,,,,,,"Mar 7, 2026, 3:52:08 PM",,NO USAGE,default/snowflake/1715075875/DATALAKE/PUBLIC/LAWSON_DL_LDG_ACACTMXVAL,2123721c-4718-4a03-a2b1-015e2184a80a,f3e518a3-fc0e-4b95-b523-17c93ef8cd2f,https://employbridge.atlan.com/assets/f3e518a3-fc0e-4b95-b523-17c93ef8cd2f/overview?utm_source=impact_analysis_report,,DIM_BRAND (default/snowflake/1715075875/DATALAKE/PUBLIC/DIM_BRAND)
LAWSON_DL_LDG_ACACTIVITY,Table,,snowflake,DATALAKE,PUBLIC,5,,,,,,,,,,,,"Mar 7, 2026, 3:40:43 PM",,NO USAGE,default/snowflake/1715075875/DATALAKE/PUBLIC/LAWSON_DL_LDG_ACACTIVITY,2123721c-4718-4a03-a2b1-015e2184a80a,f530b842-0308-44be-a95b-316ac37c58e6,https://employbridge.atlan.com/assets/f530b842-0308-44be-a95b-316ac37c58e6/overview?utm_source=impact_analysis_report,,DIM_BRAND (default/snowflake/1715075875/DATALAKE/PUBLIC/DIM_BRAND)
LAWSON_DL_LDG_BRAND_FORMAT,Table,,snowflake,DATALAKE,PUBLIC,5,,,,,,,,,,,,"Mar 7, 2026, 4:17:53 PM",,NO USAGE,default/snowflake/1715075875/DATALAKE/PUBLIC/LAWSON_DL_LDG_BRAND_FORMAT,2123721c-4718-4a03-a2b1-015e2184a80a,567d7dd6-e871-456d-949b-65ba217b9b8e,https://employbridge.atlan.com/assets/567d7dd6-e871-456d-949b-65ba217b9b8e/overview?utm_source=impact_analysis_report,,DIM_BRAND (default/snowflake/1715075875/DATALAKE/PUBLIC/DIM_BRAND)
CONTACTBASE,Table,,snowflake,PROD_DATALAKE,CRM_MSCRM,5,,,,,,,,,,,,"Mar 7, 2026, 9:31:43 PM",9 queries by 3 users,HIGH USAGE,default/snowflake/1715075875/PROD_DATALAKE/CRM_MSCRM/CONTACTBASE,2123721c-4718-4a03-a2b1-015e2184a80a,1c16dd83-74f6-4afb-af06-2ff374f50d6b,https://employbridge.atlan.com/assets/1c16dd83-74f6-4afb-af06-2ff374f50d6b/overview?utm_source=impact_analysis_report,attrep_changes3F84AF30F8F36C10 (default/snowflake/1715075875/PROD_DATALAKE/CRM_MSCRM/attrep_changes3F84AF30F8F36C10),DIM_ASSIGNMENT (default/snowflake/1715075875/DATALAKE/PUBLIC/DIM_ASSIGNMENT)
LAWSON_DL_LDG_AU_CATEGORY_LOAD,Table,,snowflake,DATALAKE,PUBLIC,5,,,,,,,,,,,,"Mar 7, 2026, 4:18:20 PM",,NO USAGE,default/snowflake/1715075875/DATALAKE/PUBLIC/LAWSON_DL_LDG_AU_CATEGORY_LOAD,2123721c-4718-4a03-a2b1-015e2184a80a,ce556463-b686-4c57-93d2-b47bd96af9c5,https://employbridge.atlan.com/assets/ce556463-b686-4c57-93d2-b47bd96af9c5/overview?utm_source=impact_analysis_report,,DIM_ACCT_UNIT (default/snowflake/1715075875/DATALAKE/PUBLIC/DIM_ACCT_UNIT)
LAWSON_DL_LDG_ACCOUNTING_UNIT,Table,,snowflake,DATALAKE,PUBLIC,5,,,,,,,,,,,,"Mar 7, 2026, 4:17:53 PM",,NO USAGE,default/snowflake/1715075875/DATALAKE/PUBLIC/LAWSON_DL_LDG_ACCOUNTING_UNIT,2123721c-4718-4a03-a2b1-015e2184a80a,5c68219c-6f8e-40d9-b30c-e7bbf92ebc07,https://employbridge.atlan.com/assets/5c68219c-6f8e-40d9-b30c-e7bbf92ebc07/overview?utm_source=impact_analysis_report,,DIM_ACCT_UNIT (default/snowflake/1715075875/DATALAKE/PUBLIC/DIM_ACCT_UNIT)
RECORDTYPE,Table,,snowflake,PROD_DATALAKE,SALESFORCE,5,,,,,,,,,,,,"Mar 7, 2026, 1:33:15 PM",115 queries by 7 users,HIGH USAGE,default/snowflake/1715075875/PROD_DATALAKE/SALESFORCE/RECORDTYPE,2123721c-4718-4a03-a2b1-015e2184a80a,d3a5021d-c9a5-4f07-9c4d-6e65ee07015b,https://employbridge.atlan.com/assets/d3a5021d-c9a5-4f07-9c4d-6e65ee07015b/overview?utm_source=impact_analysis_report,,CUSTOMER_SF_DIM (default/snowflake/1715075875/PROD_EDW/ENT/CUSTOMER_SF_DIM)
ACCOUNT,Table,,snowflake,PROD_DATALAKE,SALESFORCE,5,,,,,,,,Account,,,,"Mar 7, 2026, 12:36:24 PM",725 queries by 17 users,HIGH USAGE,default/snowflake/1715075875/PROD_DATALAKE/SALESFORCE/ACCOUNT,2123721c-4718-4a03-a2b1-015e2184a80a,f4f90094-89a8-431a-98a2-ec1921c8b17b,https://employbridge.atlan.com/assets/f4f90094-89a8-431a-98a2-ec1921c8b17b/overview?utm_source=impact_analysis_report,ACCOUNT (default/snowflake/1715075875/PROD_DATALAKE/SALESFORCE/ACCOUNT),"CUSTOMER_SF_DIM (default/snowflake/1715075875/PROD_EDW/ENT/CUSTOMER_SF_DIM), ACCOUNT (default/snowflake/1715075875/PROD_DATALAKE/SALESFORCE/ACCOUNT)"
DNBCONNECT__D_B_CONNECT_COMPANY_PROFILE__C,Table,,snowflake,PROD_DATALAKE,SALESFORCE,5,,,,,,,,,,,,"Mar 7, 2026, 12:45:34 PM",2 queries by 1 user,MODERATE USAGE,default/snowflake/1715075875/PROD_DATALAKE/SALESFORCE/DNBCONNECT__D_B_CONNECT_COMPANY_PROFILE__C,2123721c-4718-4a03-a2b1-015e2184a80a,23b9b34a-9591-49c7-9335-ea1e16aff540,https://employbridge.atlan.com/assets/23b9b34a-9591-49c7-9335-ea1e16aff540/overview?utm_source=impact_analysis_report,,CUSTOMER_SF_DIM (default/snowflake/1715075875/PROD_EDW/ENT/CUSTOMER_SF_DIM)
LOCATIONS_CO__C,Table,,snowflake,PROD_DATALAKE,SALESFORCE,5,,,,,,,,,,,,"Mar 7, 2026, 1:24:15 PM",22 queries by 4 users,HIGH USAGE,default/snowflake/1715075875/PROD_DATALAKE/SALESFORCE/LOCATIONS_CO__C,2123721c-4718-4a03-a2b1-015e2184a80a,8d4ea843-c25a-4152-b347-3f730466057a,https://employbridge.atlan.com/assets/8d4ea843-c25a-4152-b347-3f730466057a/overview?utm_source=impact_analysis_report,,LOCATION_DIM (default/snowflake/1715075875/PROD_EDW/ENT/LOCATION_DIM)
BILLTO,Table,,snowflake,PROD_DATALAKE,LAWPROD,5,,,,,,,,,,,,"Mar 7, 2026, 6:20:39 AM",,NO USAGE,default/snowflake/1715075875/PROD_DATALAKE/LAWPROD/BILLTO,2123721c-4718-4a03-a2b1-015e2184a80a,752e17bd-7cb9-4d61-8ddc-a50ef7b5421a,https://employbridge.atlan.com/assets/752e17bd-7cb9-4d61-8ddc-a50ef7b5421a/overview?utm_source=impact_analysis_report,attrep_changesC79A80AD7F0B76CB (default/snowflake/1715075875/PROD_DATALAKE/LAWPROD/attrep_changesC79A80AD7F0B76CB),LOCATION_DIM (default/snowflake/1715075875/PROD_EDW/ENT/LOCATION_DIM)
JOB_CODE__C,Table,,snowflake,PROD_DATALAKE,SALESFORCE,5,,,,,,,,,,,,"Mar 7, 2026, 1:08:26 PM",,NO USAGE,default/snowflake/1715075875/PROD_DATALAKE/SALESFORCE/JOB_CODE__C,2123721c-4718-4a03-a2b1-015e2184a80a,679253dd-a627-4f94-842d-fa10b16a0f0b,https://employbridge.atlan.com/assets/679253dd-a627-4f94-842d-fa10b16a0f0b/overview?utm_source=impact_analysis_report,,JOB_CODE_DIM (default/snowflake/1715075875/PROD_EDW/ENT/JOB_CODE_DIM)
CUSTDESC,Table,,snowflake,PROD_DATALAKE,LAWPROD,5,,,,,,,,,,,,"Mar 7, 2026, 10:21:39 AM",71 queries by 4 users,HIGH USAGE,default/snowflake/1715075875/PROD_DATALAKE/LAWPROD/CUSTDESC,2123721c-4718-4a03-a2b1-015e2184a80a,39899918-c26b-4c12-bd32-62629eb61f62,https://employbridge.atlan.com/assets/39899918-c26b-4c12-bd32-62629eb61f62/overview?utm_source=impact_analysis_report,attrep_changesC79A80AD7F0B76CB (default/snowflake/1715075875/PROD_DATALAKE/LAWPROD/attrep_changesC79A80AD7F0B76CB),"CUSTOMER_DIM (default/snowflake/1715075875/PROD_EDW/ENT/CUSTOMER_DIM), VW_WBS_BIWEEKLY_ALT_BIWEEKLY (default/snowflake/1715075875/DEV_SANDBOX_MERILYTICS/DATAWAREHOUSE/VW_WBS_BIWEEKLY_ALT_BIWEEKLY), VW_WBS_WEEKLY (default/snowflake/1715075875/DEV_SANDBOX_MERILYTICS/DATAWAREHOUSE/VW_WBS_WEEKLY), VW_WBS_MONTHLY (default/snowflake/1715075875/DEV_SANDBOX_MERILYTICS/DATAWAREHOUSE/VW_WBS_MONTHLY)"
ARPROCLEVL,Table,,snowflake,PROD_DATALAKE,LAWPROD,5,,,,,,,,,,,,"Feb 27, 2026, 10:05:28 PM",326 queries by 7 users,HIGH USAGE,default/snowflake/1715075875/PROD_DATALAKE/LAWPROD/ARPROCLEVL,2123721c-4718-4a03-a2b1-015e2184a80a,e34f247c-0b90-4e20-a7ca-9668ef55e04e,https://employbridge.atlan.com/assets/e34f247c-0b90-4e20-a7ca-9668ef55e04e/overview?utm_source=impact_analysis_report,attrep_changesC79A80AD7F0B76CB (default/snowflake/1715075875/PROD_DATALAKE/LAWPROD/attrep_changesC79A80AD7F0B76CB),CUSTOMER_DIM (default/snowflake/1715075875/PROD_EDW/ENT/CUSTOMER_DIM)
NATACCT,Table,,snowflake,PROD_DATALAKE,LAWPROD,5,,,,,,,,,,,,"Mar 7, 2026, 3:35:43 AM",79 queries by 3 users,HIGH USAGE,default/snowflake/1715075875/PROD_DATALAKE/LAWPROD/NATACCT,2123721c-4718-4a03-a2b1-015e2184a80a,3b76dd81-5dfa-4187-b4c5-f24483da771b,https://employbridge.atlan.com/assets/3b76dd81-5dfa-4187-b4c5-f24483da771b/overview?utm_source=impact_analysis_report,attrep_changesC79A80AD7F0B76CB (default/snowflake/1715075875/PROD_DATALAKE/LAWPROD/attrep_changesC79A80AD7F0B76CB),"CUSTOMER_DIM (default/snowflake/1715075875/PROD_EDW/ENT/CUSTOMER_DIM), VW_WBS_BIWEEKLY_ALT_BIWEEKLY (default/snowflake/1715075875/DEV_SANDBOX_MERILYTICS/DATAWAREHOUSE/VW_WBS_BIWEEKLY_ALT_BIWEEKLY), VW_WBS_WEEKLY (default/snowflake/1715075875/DEV_SANDBOX_MERILYTICS/DATAWAREHOUSE/VW_WBS_WEEKLY), VW_WBS_MONTHLY (default/snowflake/1715075875/DEV_SANDBOX_MERILYTICS/DATAWAREHOUSE/VW_WBS_MONTHLY)"
HS_OBJECTS_COMPANIES,Table,,snowflake,PROD_EDW,STAGE,5,,,,,,,,,,,,"Mar 7, 2026, 3:33:03 PM",,NO USAGE,default/snowflake/1715075875/PROD_EDW/STAGE/HS_OBJECTS_COMPANIES,2123721c-4718-4a03-a2b1-015e2184a80a,43cce2e9-fe52-4b18-96db-ce707fb56692,https://employbridge.atlan.com/assets/43cce2e9-fe52-4b18-96db-ce707fb56692/overview?utm_source=impact_analysis_report,"HS_OBJECTS_CAMPAIGNS (default/snowflake/1715075875/PROD_EDW/STAGE/HS_OBJECTS_CAMPAIGNS), HS_OBJECTS_MARKETING_EMAILS (default/snowflake/1715075875/PROD_EDW/STAGE/HS_OBJECTS_MARKETING_EMAILS)",CUSTOMER_DIM (default/snowflake/1715075875/PROD_EDW/ENT/CUSTOMER_DIM)
CDA_WCCODEBASE,Table,,snowflake,PROD_DATALAKE,CRM_MSCRM,5,,,,,,,,,,,,"Mar 6, 2026, 10:26:13 PM",10 queries by 3 users,HIGH USAGE,default/snowflake/1715075875/PROD_DATALAKE/CRM_MSCRM/CDA_WCCODEBASE,2123721c-4718-4a03-a2b1-015e2184a80a,dd0b2afa-1fc0-4497-a445-1c3fdb6fab9a,https://employbridge.atlan.com/assets/dd0b2afa-1fc0-4497-a445-1c3fdb6fab9a/overview?utm_source=impact_analysis_report,attrep_changes3F84AF30F8F36C10 (default/snowflake/1715075875/PROD_DATALAKE/CRM_MSCRM/attrep_changes3F84AF30F8F36C10),"WC_CODE_DIM (default/snowflake/1715075875/PROD_EDW/ENT/WC_CODE_DIM), REPORT_DIMENSIONS_TEMP (default/snowflake/1715075875/DATALAKE/PUBLIC/REPORT_DIMENSIONS_TEMP)"
WC_CODE__C,Table,,snowflake,PROD_DATALAKE,SALESFORCE,5,,,,,,,,,,,,"Mar 7, 2026, 1:42:33 PM",5 queries by 1 user,MODERATE USAGE,default/snowflake/1715075875/PROD_DATALAKE/SALESFORCE/WC_CODE__C,2123721c-4718-4a03-a2b1-015e2184a80a,22d45329-4ee5-4c6e-945e-af57986acc2b,https://employbridge.atlan.com/assets/22d45329-4ee5-4c6e-945e-af57986acc2b/overview?utm_source=impact_analysis_report,,WC_CODE_DIM (default/snowflake/1715075875/PROD_EDW/ENT/WC_CODE_DIM)
CDA_CDSTOOLBASE,Table,,snowflake,PROD_DATALAKE,CRM_MSCRM,5,,,,,,,,,,,,"Oct 21, 2025, 10:52:27 AM",6 queries by 1 user,MODERATE USAGE,default/snowflake/1715075875/PROD_DATALAKE/CRM_MSCRM/CDA_CDSTOOLBASE,2123721c-4718-4a03-a2b1-015e2184a80a,26e8c67e-60a1-47da-bfb7-fdf8d03ff765,https://employbridge.atlan.com/assets/26e8c67e-60a1-47da-bfb7-fdf8d03ff765/overview?utm_source=impact_analysis_report,attrep_changes3F84AF30F8F36C10 (default/snowflake/1715075875/PROD_DATALAKE/CRM_MSCRM/attrep_changes3F84AF30F8F36C10),TIME_ENTRY_TOOL_DIM (default/snowflake/1715075875/PROD_EDW/ENT/TIME_ENTRY_TOOL_DIM)
EMPLOYMENT_DETAILS,Table,,snowflake,PROD_DATALAKE,UKG,5,,,,,,,,,,,,"Mar 7, 2026, 2:32:31 PM",112 queries by 1 user,HIGH USAGE,default/snowflake/1715075875/PROD_DATALAKE/UKG/EMPLOYMENT_DETAILS,2123721c-4718-4a03-a2b1-015e2184a80a,4ce907de-c67b-4c1d-9752-da19b0f7ba48,https://employbridge.atlan.com/assets/4ce907de-c67b-4c1d-9752-da19b0f7ba48/overview?utm_source=impact_analysis_report,,UKG_USER_DIM (default/snowflake/1715075875/PROD_EDW/ENT/UKG_USER_DIM)
PERSON_DETAILS,Table,,snowflake,PROD_DATALAKE,UKG,5,,,,,,,,,,,,"Mar 7, 2026, 2:32:49 PM",44 queries by 1 user,MODERATE USAGE,default/snowflake/1715075875/PROD_DATALAKE/UKG/PERSON_DETAILS,2123721c-4718-4a03-a2b1-015e2184a80a,a639cffa-01a4-466e-b5ad-0862dda378fc,https://employbridge.atlan.com/assets/a639cffa-01a4-466e-b5ad-0862dda378fc/overview?utm_source=impact_analysis_report,LDG_PERSON_DETAILS (default/snowflake/1715075875/PROD_DATALAKE/UKG/LDG_PERSON_DETAILS),UKG_USER_DIM (default/snowflake/1715075875/PROD_EDW/ENT/UKG_USER_DIM)
DIM_ACCT_CAT,Table,,snowflake,DATALAKE,PUBLIC,5,,,,,,,,,,,,"Mar 7, 2026, 4:18:14 PM",10 queries by 1 user,MODERATE USAGE,default/snowflake/1715075875/DATALAKE/PUBLIC/DIM_ACCT_CAT,2123721c-4718-4a03-a2b1-015e2184a80a,a4862422-ef41-4bca-b548-b1f6e3bb2bb3,https://employbridge.atlan.com/assets/a4862422-ef41-4bca-b548-b1f6e3bb2bb3/overview?utm_source=impact_analysis_report,"LAWSON_DL_LDG_CONV_BILLED_CODES (default/snowflake/1715075875/DATALAKE/PUBLIC/LAWSON_DL_LDG_CONV_BILLED_CODES), DIM_CONV_FACTOR (default/snowflake/1715075875/DATALAKE/PUBLIC/DIM_CONV_FACTOR), DIM_ACCT_CAT (default/snowflake/1715075875/DATALAKE/PUBLIC/DIM_ACCT_CAT)","VW_WBS_BIWEEKLY_ALT_BIWEEKLY (default/snowflake/1715075875/DEV_SANDBOX_MERILYTICS/DATAWAREHOUSE/VW_WBS_BIWEEKLY_ALT_BIWEEKLY), VW_WBS_WEEKLY (default/snowflake/1715075875/DEV_SANDBOX_MERILYTICS/DATAWAREHOUSE/VW_WBS_WEEKLY), VW_WBS_MONTHLY (default/snowflake/1715075875/DEV_SANDBOX_MERILYTICS/DATAWAREHOUSE/VW_WBS_MONTHLY), DIM_ACCT_CAT (default/snowflake/1715075875/DATALAKE/PUBLIC/DIM_ACCT_CAT)"
DIM_CONV_FACTOR,Table,,snowflake,DATALAKE,PUBLIC,5,,,,,,,,,,,,"Mar 7, 2026, 4:18:09 PM",10 queries by 1 user,MODERATE USAGE,default/snowflake/1715075875/DATALAKE/PUBLIC/DIM_CONV_FACTOR,2123721c-4718-4a03-a2b1-015e2184a80a,d4e5f4a0-8863-4cfa-8bcd-d35d4483c6b1,https://employbridge.atlan.com/assets/d4e5f4a0-8863-4cfa-8bcd-d35d4483c6b1/overview?utm_source=impact_analysis_report,"LAWSON_DL_LDG_CONV_BILLED_CODES (default/snowflake/1715075875/DATALAKE/PUBLIC/LAWSON_DL_LDG_CONV_BILLED_CODES), DIM_CONV_FACTOR (default/snowflake/1715075875/DATALAKE/PUBLIC/DIM_CONV_FACTOR)","VW_WBS_BIWEEKLY_ALT_BIWEEKLY (default/snowflake/1715075875/DEV_SANDBOX_MERILYTICS/DATAWAREHOUSE/VW_WBS_BIWEEKLY_ALT_BIWEEKLY), VW_WBS_WEEKLY (default/snowflake/1715075875/DEV_SANDBOX_MERILYTICS/DATAWAREHOUSE/VW_WBS_WEEKLY), VW_WBS_MONTHLY (default/snowflake/1715075875/DEV_SANDBOX_MERILYTICS/DATAWAREHOUSE/VW_WBS_MONTHLY), DIM_ACCT_CAT (default/snowflake/1715075875/DATALAKE/PUBLIC/DIM_ACCT_CAT), DIM_CONV_FACTOR (default/snowflake/1715075875/DATALAKE/PUBLIC/DIM_CONV_FACTOR)"
CRM_DL_LDG_STRINGMAPBASE,Table,,snowflake,DATALAKE,PUBLIC,5,,,,,,,,,,,,"Mar 7, 2026, 3:01:13 PM",15 queries by 2 users,HIGH USAGE,default/snowflake/1715075875/DATALAKE/PUBLIC/CRM_DL_LDG_STRINGMAPBASE,2123721c-4718-4a03-a2b1-015e2184a80a,0d1114b4-727d-49de-bd68-95903b552f0b,https://employbridge.atlan.com/assets/0d1114b4-727d-49de-bd68-95903b552f0b/overview?utm_source=impact_analysis_report,,"VW_WBS_BIWEEKLY_ALT_BIWEEKLY (default/snowflake/1715075875/DEV_SANDBOX_MERILYTICS/DATAWAREHOUSE/VW_WBS_BIWEEKLY_ALT_BIWEEKLY), VW_WBS_WEEKLY (default/snowflake/1715075875/DEV_SANDBOX_MERILYTICS/DATAWAREHOUSE/VW_WBS_WEEKLY), VW_WBS_MONTHLY (default/snowflake/1715075875/DEV_SANDBOX_MERILYTICS/DATAWAREHOUSE/VW_WBS_MONTHLY)"
PAY_CODES,Table,,snowflake,PROD_ENTERPRISE,FINANCE,5,,,,,,,,,,,,"Mar 18, 2025, 7:49:12 PM",,NO USAGE,default/snowflake/1715075875/PROD_ENTERPRISE/FINANCE/PAY_CODES,2123721c-4718-4a03-a2b1-015e2184a80a,b7dd50b9-35dd-4845-b8b4-39d08be7c69d,https://employbridge.atlan.com/assets/b7dd50b9-35dd-4845-b8b4-39d08be7c69d/overview?utm_source=impact_analysis_report,,"VW_WBS_HD_INTEGRATION_WEEKLY (default/snowflake/1715075875/DEV_SANDBOX_MERILYTICS/DATAWAREHOUSE/VW_WBS_HD_INTEGRATION_WEEKLY), VW_WBS_TDG_INTEGRATION_WEEKLY (default/snowflake/1715075875/DEV_SANDBOX_MERILYTICS/DATAWAREHOUSE/VW_WBS_TDG_INTEGRATION_WEEKLY), VW_WBS_HD_INTEGRATION_MONTHLY (default/snowflake/1715075875/DEV_SANDBOX_MERILYTICS/DATAWAREHOUSE/VW_WBS_HD_INTEGRATION_MONTHLY), VW_WBS_HD_INTEGRATION_BIWEEKLY (default/snowflake/1715075875/DEV_SANDBOX_MERILYTICS/DATAWAREHOUSE/VW_WBS_HD_INTEGRATION_BIWEEKLY), VW_WBS_TDG_INTEGRATION_MONTHLY (default/snowflake/1715075875/DEV_SANDBOX_MERILYTICS/DATAWAREHOUSE/VW_WBS_TDG_INTEGRATION_MONTHLY), VW_WBS_TDG_INTEGRATION_BIWEEKLY (default/snowflake/1715075875/DEV_SANDBOX_MERILYTICS/DATAWAREHOUSE/VW_WBS_TDG_INTEGRATION_BIWEEKLY)"
VW_HD_PAYROLL,View,,snowflake,PROD_DATALAKE,ACQUISITION,5,,,,,,,,,,,,"May 20, 2022, 1:29:02 AM",,NO USAGE,default/snowflake/1715075875/PROD_DATALAKE/ACQUISITION/VW_HD_PAYROLL,2123721c-4718-4a03-a2b1-015e2184a80a,716f0c73-ea1d-4745-ab9a-6ea0aa5e50e0,https://employbridge.atlan.com/assets/716f0c73-ea1d-4745-ab9a-6ea0aa5e50e0/overview?utm_source=impact_analysis_report,HD_PAYROLL (default/snowflake/1715075875/PROD_DATALAKE_SD/ACQUISITION/HD_PAYROLL),"VW_WBS_HD_INTEGRATION_WEEKLY (default/snowflake/1715075875/DEV_SANDBOX_MERILYTICS/DATAWAREHOUSE/VW_WBS_HD_INTEGRATION_WEEKLY), VW_WBS_HD_INTEGRATION_MONTHLY (default/snowflake/1715075875/DEV_SANDBOX_MERILYTICS/DATAWAREHOUSE/VW_WBS_HD_INTEGRATION_MONTHLY), VW_WBS_HD_INTEGRATION_BIWEEKLY (default/snowflake/1715075875/DEV_SANDBOX_MERILYTICS/DATAWAREHOUSE/VW_WBS_HD_INTEGRATION_BIWEEKLY)"
DIM_ACQ_BRANCH_MAPPING,Table,,snowflake,SANDBOX_FPA,PUBLIC,5,,,,,,,,,,,,"Mar 18, 2025, 8:57:23 PM",1 queries by 1 user,MODERATE USAGE,default/snowflake/1715075875/SANDBOX_FPA/PUBLIC/DIM_ACQ_BRANCH_MAPPING,2123721c-4718-4a03-a2b1-015e2184a80a,f5902fe7-1ece-4a3d-a6d6-a6ec872a048a,https://employbridge.atlan.com/assets/f5902fe7-1ece-4a3d-a6d6-a6ec872a048a/overview?utm_source=impact_analysis_report,,"VW_WBS_HD_INTEGRATION_WEEKLY (default/snowflake/1715075875/DEV_SANDBOX_MERILYTICS/DATAWAREHOUSE/VW_WBS_HD_INTEGRATION_WEEKLY), VW_WBS_TDG_INTEGRATION_WEEKLY (default/snowflake/1715075875/DEV_SANDBOX_MERILYTICS/DATAWAREHOUSE/VW_WBS_TDG_INTEGRATION_WEEKLY), VW_WBS_HD_INTEGRATION_MONTHLY (default/snowflake/1715075875/DEV_SANDBOX_MERILYTICS/DATAWAREHOUSE/VW_WBS_HD_INTEGRATION_MONTHLY), VW_WBS_HD_INTEGRATION_BIWEEKLY (default/snowflake/1715075875/DEV_SANDBOX_MERILYTICS/DATAWAREHOUSE/VW_WBS_HD_INTEGRATION_BIWEEKLY), VW_WBS_SS_INTEGRATION_WEEKLY (default/snowflake/1715075875/DEV_SANDBOX_MERILYTICS/DATAWAREHOUSE/VW_WBS_SS_INTEGRATION_WEEKLY), VW_WBS_SS_INTEGRATION_BIWEEKLY (default/snowflake/1715075875/DEV_SANDBOX_MERILYTICS/DATAWAREHOUSE/VW_WBS_SS_INTEGRATION_BIWEEKLY), VW_WBS_SS_INTEGRATION_MONTHLY (default/snowflake/1715075875/DEV_SANDBOX_MERILYTICS/DATAWAREHOUSE/VW_WBS_SS_INTEGRATION_MONTHLY), VW_WBS_TDG_INTEGRATION_MONTHLY (default/snowflake/1715075875/DEV_SANDBOX_MERILYTICS/DATAWAREHOUSE/VW_WBS_TDG_INTEGRATION_MONTHLY), VW_WBS_TDG_INTEGRATION_BIWEEKLY (default/snowflake/1715075875/DEV_SANDBOX_MERILYTICS/DATAWAREHOUSE/VW_WBS_TDG_INTEGRATION_BIWEEKLY)"
VW_COMBINED_DIT_TRACKSOURCEDATA_ACCOUNT,View,,snowflake,PROD_ENTERPRISE,FINANCE,5,,,,,,,,,,,,"Aug 12, 2022, 12:44:26 AM",,NO USAGE,default/snowflake/1715075875/PROD_ENTERPRISE/FINANCE/VW_COMBINED_DIT_TRACKSOURCEDATA_ACCOUNT,2123721c-4718-4a03-a2b1-015e2184a80a,58ac3619-b1a3-415f-9dcf-34291deafe1d,https://employbridge.atlan.com/assets/58ac3619-b1a3-415f-9dcf-34291deafe1d/overview?utm_source=impact_analysis_report,"DIT_TRACKSOURCEDATA (default/snowflake/1715075875/PROD_DATALAKE/CRM_MIGRATIONDB/DIT_TRACKSOURCEDATA), DIT_TRACKSOURCEDATA (default/snowflake/1715075875/PROD_DATALAKE/CRM_MIGRATIONDB_HD/DIT_TRACKSOURCEDATA), DIT_TRACKSOURCEDATA (default/snowflake/1715075875/PROD_DATALAKE/CRM_MIGRATIONDB_SS/DIT_TRACKSOURCEDATA)","VW_WBS_HD_INTEGRATION_WEEKLY (default/snowflake/1715075875/DEV_SANDBOX_MERILYTICS/DATAWAREHOUSE/VW_WBS_HD_INTEGRATION_WEEKLY), VW_WBS_TDG_INTEGRATION_WEEKLY (default/snowflake/1715075875/DEV_SANDBOX_MERILYTICS/DATAWAREHOUSE/VW_WBS_TDG_INTEGRATION_WEEKLY), VW_WBS_HD_INTEGRATION_MONTHLY (default/snowflake/1715075875/DEV_SANDBOX_MERILYTICS/DATAWAREHOUSE/VW_WBS_HD_INTEGRATION_MONTHLY), VW_WBS_HD_INTEGRATION_BIWEEKLY (default/snowflake/1715075875/DEV_SANDBOX_MERILYTICS/DATAWAREHOUSE/VW_WBS_HD_INTEGRATION_BIWEEKLY), VW_WBS_SS_INTEGRATION_WEEKLY (default/snowflake/1715075875/DEV_SANDBOX_MERILYTICS/DATAWAREHOUSE/VW_WBS_SS_INTEGRATION_WEEKLY), VW_WBS_SS_INTEGRATION_BIWEEKLY (default/snowflake/1715075875/DEV_SANDBOX_MERILYTICS/DATAWAREHOUSE/VW_WBS_SS_INTEGRATION_BIWEEKLY), VW_WBS_SS_INTEGRATION_MONTHLY (default/snowflake/1715075875/DEV_SANDBOX_MERILYTICS/DATAWAREHOUSE/VW_WBS_SS_INTEGRATION_MONTHLY), VW_WBS_TDG_INTEGRATION_MONTHLY (default/snowflake/1715075875/DEV_SANDBOX_MERILYTICS/DATAWAREHOUSE/VW_WBS_TDG_INTEGRATION_MONTHLY), VW_WBS_TDG_INTEGRATION_BIWEEKLY (default/snowflake/1715075875/DEV_SANDBOX_MERILYTICS/DATAWAREHOUSE/VW_WBS_TDG_INTEGRATION_BIWEEKLY)"
VW_TDG_PAYROLL,View,,snowflake,PROD_DATALAKE,ACQUISITION,5,,,,,,,,,,,,"May 20, 2022, 1:29:12 AM",,NO USAGE,default/snowflake/1715075875/PROD_DATALAKE/ACQUISITION/VW_TDG_PAYROLL,2123721c-4718-4a03-a2b1-015e2184a80a,30adfef4-ace4-47b4-8cd1-9184d3bd9089,https://employbridge.atlan.com/assets/30adfef4-ace4-47b4-8cd1-9184d3bd9089/overview?utm_source=impact_analysis_report,TDG_PAYROLL (default/snowflake/1715075875/PROD_DATALAKE_SD/ACQUISITION/TDG_PAYROLL),"VW_WBS_TDG_INTEGRATION_WEEKLY (default/snowflake/1715075875/DEV_SANDBOX_MERILYTICS/DATAWAREHOUSE/VW_WBS_TDG_INTEGRATION_WEEKLY), VW_WBS_TDG_INTEGRATION_MONTHLY (default/snowflake/1715075875/DEV_SANDBOX_MERILYTICS/DATAWAREHOUSE/VW_WBS_TDG_INTEGRATION_MONTHLY), VW_WBS_TDG_INTEGRATION_BIWEEKLY (default/snowflake/1715075875/DEV_SANDBOX_MERILYTICS/DATAWAREHOUSE/VW_WBS_TDG_INTEGRATION_BIWEEKLY)"
VW_SS_PAYROLL,View,,snowflake,PROD_DATALAKE,ACQUISITION,5,,,,,,,,,,,,"May 20, 2022, 1:29:07 AM",,NO USAGE,default/snowflake/1715075875/PROD_DATALAKE/ACQUISITION/VW_SS_PAYROLL,2123721c-4718-4a03-a2b1-015e2184a80a,62def520-1d93-41ba-bb16-9dac976636f0,https://employbridge.atlan.com/assets/62def520-1d93-41ba-bb16-9dac976636f0/overview?utm_source=impact_analysis_report,SS_PAYROLL (default/snowflake/1715075875/PROD_DATALAKE_SD/ACQUISITION/SS_PAYROLL),"VW_WBS_SS_INTEGRATION_WEEKLY (default/snowflake/1715075875/DEV_SANDBOX_MERILYTICS/DATAWAREHOUSE/VW_WBS_SS_INTEGRATION_WEEKLY), VW_WBS_SS_INTEGRATION_BIWEEKLY (default/snowflake/1715075875/DEV_SANDBOX_MERILYTICS/DATAWAREHOUSE/VW_WBS_SS_INTEGRATION_BIWEEKLY), VW_WBS_SS_INTEGRATION_MONTHLY (default/snowflake/1715075875/DEV_SANDBOX_MERILYTICS/DATAWAREHOUSE/VW_WBS_SS_INTEGRATION_MONTHLY)"
CUSTOMER,Table,,snowflake,PROD_ACQUISITION,AVIONTE_HD,5,,,,,,,,,,,,"Feb 4, 2026, 10:44:17 PM",,NO USAGE,default/snowflake/1715075875/PROD_ACQUISITION/AVIONTE_HD/CUSTOMER,2123721c-4718-4a03-a2b1-015e2184a80a,d787e6fa-669b-4d99-864f-7943413151b7,https://employbridge.atlan.com/assets/d787e6fa-669b-4d99-864f-7943413151b7/overview?utm_source=impact_analysis_report,,"VW_WBS_SS_INTEGRATION_WEEKLY (default/snowflake/1715075875/DEV_SANDBOX_MERILYTICS/DATAWAREHOUSE/VW_WBS_SS_INTEGRATION_WEEKLY), VW_WBS_SS_INTEGRATION_BIWEEKLY (default/snowflake/1715075875/DEV_SANDBOX_MERILYTICS/DATAWAREHOUSE/VW_WBS_SS_INTEGRATION_BIWEEKLY), VW_WBS_SS_INTEGRATION_MONTHLY (default/snowflake/1715075875/DEV_SANDBOX_MERILYTICS/DATAWAREHOUSE/VW_WBS_SS_INTEGRATION_MONTHLY)"
CDA_REFERRERBASE,Table,,snowflake,PROD_DATALAKE,CRM_MSCRM,5,,,,,,,,,,,,"Mar 7, 2026, 9:31:40 PM",14 queries by 2 users,HIGH USAGE,default/snowflake/1715075875/PROD_DATALAKE/CRM_MSCRM/CDA_REFERRERBASE,2123721c-4718-4a03-a2b1-015e2184a80a,e43d9a80-53f8-4c53-8bb3-0b12f0b1f9b9,https://employbridge.atlan.com/assets/e43d9a80-53f8-4c53-8bb3-0b12f0b1f9b9/overview?utm_source=impact_analysis_report,attrep_changes3F84AF30F8F36C10 (default/snowflake/1715075875/PROD_DATALAKE/CRM_MSCRM/attrep_changes3F84AF30F8F36C10),EMPLOYEE_DIM (default/snowflake/1715075875/PROD_EDW/ENT_SD/EMPLOYEE_DIM)
TALENT,Table,,snowflake,PROD_DATALAKE,SALESFORCE,5,,,,,,,,,,,,"Mar 7, 2026, 6:19:23 PM",204 queries by 6 users,HIGH USAGE,default/snowflake/1715075875/PROD_DATALAKE/SALESFORCE/TALENT,2123721c-4718-4a03-a2b1-015e2184a80a,41a899e0-950a-4489-a532-7eeb447cf77e,https://employbridge.atlan.com/assets/41a899e0-950a-4489-a532-7eeb447cf77e/overview?utm_source=impact_analysis_report,,EMPLOYEE_DIM (default/snowflake/1715075875/PROD_EDW/ENT_SD/EMPLOYEE_DIM)
attrep_changesA7F2E53834632E00,Table,,snowflake,PROD_DATALAKE,LAWPROD,6,,,,,,,,,,,,"Mar 7, 2026, 1:51:59 PM",,NO USAGE,default/snowflake/1715075875/PROD_DATALAKE/LAWPROD/attrep_changesA7F2E53834632E00,2123721c-4718-4a03-a2b1-015e2184a80a,103d0948-4959-4a03-ae4b-bf9a7a2a4cea,https://employbridge.atlan.com/assets/103d0948-4959-4a03-ae4b-bf9a7a2a4cea/overview?utm_source=impact_analysis_report,,ACTRANS (default/snowflake/1715075875/PROD_DATALAKE/LAWPROD/ACTRANS)
attrep_changes9802CD457CDB1170,Table,,snowflake,PROD_DATALAKE,LAWPROD,6,,,,,,,,,,,,"Mar 7, 2026, 9:35:34 PM",,NO USAGE,default/snowflake/1715075875/PROD_DATALAKE/LAWPROD/attrep_changes9802CD457CDB1170,2123721c-4718-4a03-a2b1-015e2184a80a,c27d19f1-b251-4504-81fd-b5207a3d00fe,https://employbridge.atlan.com/assets/c27d19f1-b251-4504-81fd-b5207a3d00fe/overview?utm_source=impact_analysis_report,,"ARDISTRIB (default/snowflake/1715075875/PROD_DATALAKE/LAWPROD/ARDISTRIB), ACACTMXVAL (default/snowflake/1715075875/PROD_DATALAKE/LAWPROD/ACACTMXVAL)"
attrep_changes4A8BC8380EB4A6B4,Table,,snowflake,PROD_DATALAKE,LAWPROD,6,,,,,,,,,,,,"Mar 7, 2026, 10:38:58 AM",,NO USAGE,default/snowflake/1715075875/PROD_DATALAKE/LAWPROD/attrep_changes4A8BC8380EB4A6B4,2123721c-4718-4a03-a2b1-015e2184a80a,c85c2edb-3e22-4973-95ae-0d7aafedbb97,https://employbridge.atlan.com/assets/c85c2edb-3e22-4973-95ae-0d7aafedbb97/overview?utm_source=impact_analysis_report,,PRDISTRIB (default/snowflake/1715075875/PROD_DATALAKE/LAWPROD/PRDISTRIB)
TRANS_TEMP,Table,,snowflake,DATALAKE,PUBLIC,6,,,,,,,,,,,,"Mar 7, 2026, 4:09:48 PM",,NO USAGE,default/snowflake/1715075875/DATALAKE/PUBLIC/TRANS_TEMP,2123721c-4718-4a03-a2b1-015e2184a80a,6b9c2a8d-1736-4a4b-8a54-e56df355abbe,https://employbridge.atlan.com/assets/6b9c2a8d-1736-4a4b-8a54-e56df355abbe/overview?utm_source=impact_analysis_report,"DIM_INVOICE (default/snowflake/1715075875/DATALAKE/PUBLIC/DIM_INVOICE), DIM_TRANS (default/snowflake/1715075875/DATALAKE/PUBLIC/DIM_TRANS), DIM_PAYRATE_TRANS (default/snowflake/1715075875/DATALAKE/PUBLIC/DIM_PAYRATE_TRANS)","DIM_MEASURE_TEMP (default/snowflake/1715075875/DATALAKE/PUBLIC/DIM_MEASURE_TEMP), HOURS_PREP (default/snowflake/1715075875/DATALAKE/PUBLIC/HOURS_PREP), PREP_CALC_TRANAMOUNT (default/snowflake/1715075875/DATALAKE/PUBLIC/PREP_CALC_TRANAMOUNT), ACT_TRAN_AMT_TOTAL (default/snowflake/1715075875/DATALAKE/PUBLIC/ACT_TRAN_AMT_TOTAL)"
REPORT_DIMENSIONS_TEMP,Table,,snowflake,DATALAKE,PUBLIC,6,,,,,,,,,,,,"Mar 7, 2026, 4:09:01 PM",,NO USAGE,default/snowflake/1715075875/DATALAKE/PUBLIC/REPORT_DIMENSIONS_TEMP,2123721c-4718-4a03-a2b1-015e2184a80a,5e153ef4-23bf-4fcd-8dce-7f9fbf20d359,https://employbridge.atlan.com/assets/5e153ef4-23bf-4fcd-8dce-7f9fbf20d359/overview?utm_source=impact_analysis_report,"CDA_WCCODEBASE (default/snowflake/1715075875/PROD_DATALAKE/CRM_MSCRM/CDA_WCCODEBASE), CDA_EMPLOYEEBASE (default/snowflake/1715075875/PROD_DATALAKE/CRM_MSCRM/CDA_EMPLOYEEBASE), CDA_ASSIGNMENTBASE (default/snowflake/1715075875/PROD_DATALAKE/CRM_MSCRM/CDA_ASSIGNMENTBASE), DIM_INVOICE (default/snowflake/1715075875/DATALAKE/PUBLIC/DIM_INVOICE), DIM_REGION (default/snowflake/1715075875/DATALAKE/PUBLIC/DIM_REGION), DIM_JOB_ORDER (default/snowflake/1715075875/DATALAKE/PUBLIC/DIM_JOB_ORDER), DIM_EMPLOYEE (default/snowflake/1715075875/DATALAKE/PUBLIC/DIM_EMPLOYEE), DIM_CUSTOMER (default/snowflake/1715075875/DATALAKE/PUBLIC/DIM_CUSTOMER), ARCSTMXVAL (default/snowflake/1715075875/PROD_DATALAKE/LAWPROD/ARCSTMXVAL), ARCUSTOMER (default/snowflake/1715075875/PROD_DATALAKE/LAWPROD/ARCUSTOMER), DIM_TRANS (default/snowflake/1715075875/DATALAKE/PUBLIC/DIM_TRANS), DIM_PAYRATE_TRANS (default/snowflake/1715075875/DATALAKE/PUBLIC/DIM_PAYRATE_TRANS), DIM_WAGE_CODE (default/snowflake/1715075875/DATALAKE/PUBLIC/DIM_WAGE_CODE), DIM_ACTIVITY (default/snowflake/1715075875/DATALAKE/PUBLIC/DIM_ACTIVITY), DIM_ASSIGNMENT (default/snowflake/1715075875/DATALAKE/PUBLIC/DIM_ASSIGNMENT)","DIM_MEASURE_TEMP (default/snowflake/1715075875/DATALAKE/PUBLIC/DIM_MEASURE_TEMP), CALC_TRANAMOUNT_TEMP (default/snowflake/1715075875/DATALAKE/PUBLIC/CALC_TRANAMOUNT_TEMP)"
DIM_PAY_CODE,Table,,snowflake,DATALAKE,PUBLIC,6,,,,,,,,,,,,"Mar 7, 2026, 3:53:57 PM",,NO USAGE,default/snowflake/1715075875/DATALAKE/PUBLIC/DIM_PAY_CODE,2123721c-4718-4a03-a2b1-015e2184a80a,e8d964f4-b2b6-453b-993b-3bc565d92977,https://employbridge.atlan.com/assets/e8d964f4-b2b6-453b-993b-3bc565d92977/overview?utm_source=impact_analysis_report,"PRPAYCODE (default/snowflake/1715075875/PROD_DATALAKE/LAWPROD/PRPAYCODE), DIM_PAY_CODE (default/snowflake/1715075875/DATALAKE/PUBLIC/DIM_PAY_CODE)","HOURS_PREP (default/snowflake/1715075875/DATALAKE/PUBLIC/HOURS_PREP), CALC_TRANAMOUNT_TEMP (default/snowflake/1715075875/DATALAKE/PUBLIC/CALC_TRANAMOUNT_TEMP), REPORT_MEASURES_PAY_TEMP (default/snowflake/1715075875/DATALAKE/PUBLIC/REPORT_MEASURES_PAY_TEMP), PREP_CALC_TRANAMOUNT (default/snowflake/1715075875/DATALAKE/PUBLIC/PREP_CALC_TRANAMOUNT), DIM_PAY_CODE (default/snowflake/1715075875/DATALAKE/PUBLIC/DIM_PAY_CODE), ACT_TRAN_AMT_TOTAL (default/snowflake/1715075875/DATALAKE/PUBLIC/ACT_TRAN_AMT_TOTAL)"
ACT_TRAN_AMT_TOTAL,Table,,snowflake,DATALAKE,PUBLIC,6,,,,,,,,,,,,"Mar 7, 2026, 4:09:52 PM",,NO USAGE,default/snowflake/1715075875/DATALAKE/PUBLIC/ACT_TRAN_AMT_TOTAL,2123721c-4718-4a03-a2b1-015e2184a80a,574d3512-64e7-4345-9f0c-423098c8e08a,https://employbridge.atlan.com/assets/574d3512-64e7-4345-9f0c-423098c8e08a/overview?utm_source=impact_analysis_report,"TRANS_TEMP (default/snowflake/1715075875/DATALAKE/PUBLIC/TRANS_TEMP), DIM_PAY_CODE (default/snowflake/1715075875/DATALAKE/PUBLIC/DIM_PAY_CODE)",PREP_CALC_TRANAMOUNT (default/snowflake/1715075875/DATALAKE/PUBLIC/PREP_CALC_TRANAMOUNT)
ACCT_CAT_COUNT,Table,,snowflake,DATALAKE,PUBLIC,6,,,,,,,,,,,,"Mar 7, 2026, 4:10:11 PM",,NO USAGE,default/snowflake/1715075875/DATALAKE/PUBLIC/ACCT_CAT_COUNT,2123721c-4718-4a03-a2b1-015e2184a80a,aca17bc9-3fde-435a-a0b1-8c18a42bb0b8,https://employbridge.atlan.com/assets/aca17bc9-3fde-435a-a0b1-8c18a42bb0b8/overview?utm_source=impact_analysis_report,HOURS_PREP (default/snowflake/1715075875/DATALAKE/PUBLIC/HOURS_PREP),CALC_WORKCOMPAC (default/snowflake/1715075875/DATALAKE/PUBLIC/CALC_WORKCOMPAC)
HS_OBJECTS_CAMPAIGNS,Table,,snowflake,PROD_EDW,STAGE,6,,,,,,,,,,,,"Mar 7, 2026, 3:33:25 PM",,NO USAGE,default/snowflake/1715075875/PROD_EDW/STAGE/HS_OBJECTS_CAMPAIGNS,2123721c-4718-4a03-a2b1-015e2184a80a,284bd327-10c4-4338-96c8-37edb167e3d4,https://employbridge.atlan.com/assets/284bd327-10c4-4338-96c8-37edb167e3d4/overview?utm_source=impact_analysis_report,"HS_OBJECTS_CAMPAIGNS (default/snowflake/1715075875/PROD_EDW/STAGE/HS_OBJECTS_CAMPAIGNS), HS_OBJECTS_MARKETING_EMAILS (default/snowflake/1715075875/PROD_EDW/STAGE/HS_OBJECTS_MARKETING_EMAILS)","HS_OBJECTS_COMPANIES (default/snowflake/1715075875/PROD_EDW/STAGE/HS_OBJECTS_COMPANIES), HS_OBJECTS_CAMPAIGNS (default/snowflake/1715075875/PROD_EDW/STAGE/HS_OBJECTS_CAMPAIGNS), HS_OBJECTS_MARKETING_EMAILS (default/snowflake/1715075875/PROD_EDW/STAGE/HS_OBJECTS_MARKETING_EMAILS)"
HS_OBJECTS_MARKETING_EMAILS,Table,,snowflake,PROD_EDW,STAGE,6,,,,,,,,,,,,"Mar 7, 2026, 3:33:36 PM",,NO USAGE,default/snowflake/1715075875/PROD_EDW/STAGE/HS_OBJECTS_MARKETING_EMAILS,2123721c-4718-4a03-a2b1-015e2184a80a,6da49825-629f-47f7-bb4a-3e89f39df3b7,https://employbridge.atlan.com/assets/6da49825-629f-47f7-bb4a-3e89f39df3b7/overview?utm_source=impact_analysis_report,"HS_OBJECTS_CAMPAIGNS (default/snowflake/1715075875/PROD_EDW/STAGE/HS_OBJECTS_CAMPAIGNS), HS_OBJECTS_MARKETING_EMAILS (default/snowflake/1715075875/PROD_EDW/STAGE/HS_OBJECTS_MARKETING_EMAILS)","HS_OBJECTS_COMPANIES (default/snowflake/1715075875/PROD_EDW/STAGE/HS_OBJECTS_COMPANIES), HS_OBJECTS_CAMPAIGNS (default/snowflake/1715075875/PROD_EDW/STAGE/HS_OBJECTS_CAMPAIGNS), HS_OBJECTS_MARKETING_EMAILS (default/snowflake/1715075875/PROD_EDW/STAGE/HS_OBJECTS_MARKETING_EMAILS)"
LDG_PERSON_DETAILS,Table,,snowflake,PROD_DATALAKE,UKG,6,,,,,,,,,,,,"Mar 7, 2026, 2:32:45 PM",,NO USAGE,default/snowflake/1715075875/PROD_DATALAKE/UKG/LDG_PERSON_DETAILS,2123721c-4718-4a03-a2b1-015e2184a80a,cba09e9e-8b88-4000-9cd6-804f17e45bc2,https://employbridge.atlan.com/assets/cba09e9e-8b88-4000-9cd6-804f17e45bc2/overview?utm_source=impact_analysis_report,,PERSON_DETAILS (default/snowflake/1715075875/PROD_DATALAKE/UKG/PERSON_DETAILS)
HD_PAYROLL,Table,,snowflake,PROD_DATALAKE_SD,ACQUISITION,6,,,,,,,,,,,,"Feb 4, 2026, 11:54:07 PM",2 queries by 1 user,MODERATE USAGE,default/snowflake/1715075875/PROD_DATALAKE_SD/ACQUISITION/HD_PAYROLL,2123721c-4718-4a03-a2b1-015e2184a80a,d5284de8-3d61-4d50-a2da-a3de5f0ccabf,https://employbridge.atlan.com/assets/d5284de8-3d61-4d50-a2da-a3de5f0ccabf/overview?utm_source=impact_analysis_report,,VW_HD_PAYROLL (default/snowflake/1715075875/PROD_DATALAKE/ACQUISITION/VW_HD_PAYROLL)
DIT_TRACKSOURCEDATA,Table,,snowflake,PROD_DATALAKE,CRM_MIGRATIONDB,6,,,,,,,,,,,,"Mar 18, 2025, 7:23:03 PM",,NO USAGE,default/snowflake/1715075875/PROD_DATALAKE/CRM_MIGRATIONDB/DIT_TRACKSOURCEDATA,2123721c-4718-4a03-a2b1-015e2184a80a,282eee76-1bd2-47fd-876b-ae2804d4497b,https://employbridge.atlan.com/assets/282eee76-1bd2-47fd-876b-ae2804d4497b/overview?utm_source=impact_analysis_report,,VW_COMBINED_DIT_TRACKSOURCEDATA_ACCOUNT (default/snowflake/1715075875/PROD_ENTERPRISE/FINANCE/VW_COMBINED_DIT_TRACKSOURCEDATA_ACCOUNT)
DIT_TRACKSOURCEDATA,Table,,snowflake,PROD_DATALAKE,CRM_MIGRATIONDB_HD,6,,,,,,,,,,,,"Feb 4, 2026, 10:47:36 PM",,NO USAGE,default/snowflake/1715075875/PROD_DATALAKE/CRM_MIGRATIONDB_HD/DIT_TRACKSOURCEDATA,2123721c-4718-4a03-a2b1-015e2184a80a,e565fa35-c600-4d98-9835-2bbb01823ceb,https://employbridge.atlan.com/assets/e565fa35-c600-4d98-9835-2bbb01823ceb/overview?utm_source=impact_analysis_report,,VW_COMBINED_DIT_TRACKSOURCEDATA_ACCOUNT (default/snowflake/1715075875/PROD_ENTERPRISE/FINANCE/VW_COMBINED_DIT_TRACKSOURCEDATA_ACCOUNT)
DIT_TRACKSOURCEDATA,Table,,snowflake,PROD_DATALAKE,CRM_MIGRATIONDB_SS,6,,,,,,,,,,,,"Feb 4, 2026, 10:47:36 PM",,NO USAGE,default/snowflake/1715075875/PROD_DATALAKE/CRM_MIGRATIONDB_SS/DIT_TRACKSOURCEDATA,2123721c-4718-4a03-a2b1-015e2184a80a,ad3439f6-5dde-45fd-9383-79b7a15bd49b,https://employbridge.atlan.com/assets/ad3439f6-5dde-45fd-9383-79b7a15bd49b/overview?utm_source=impact_analysis_report,,VW_COMBINED_DIT_TRACKSOURCEDATA_ACCOUNT (default/snowflake/1715075875/PROD_ENTERPRISE/FINANCE/VW_COMBINED_DIT_TRACKSOURCEDATA_ACCOUNT)
TDG_PAYROLL,Table,,snowflake,PROD_DATALAKE_SD,ACQUISITION,6,,,,,,,,,,,,"Mar 18, 2025, 6:45:16 PM",,NO USAGE,default/snowflake/1715075875/PROD_DATALAKE_SD/ACQUISITION/TDG_PAYROLL,2123721c-4718-4a03-a2b1-015e2184a80a,622a48f5-d0f6-4b55-9fd9-e88029c91829,https://employbridge.atlan.com/assets/622a48f5-d0f6-4b55-9fd9-e88029c91829/overview?utm_source=impact_analysis_report,,VW_TDG_PAYROLL (default/snowflake/1715075875/PROD_DATALAKE/ACQUISITION/VW_TDG_PAYROLL)
SS_PAYROLL,Table,,snowflake,PROD_DATALAKE_SD,ACQUISITION,6,,,,,,,,,,,,"Feb 4, 2026, 11:54:08 PM",,NO USAGE,default/snowflake/1715075875/PROD_DATALAKE_SD/ACQUISITION/SS_PAYROLL,2123721c-4718-4a03-a2b1-015e2184a80a,489a3203-9987-44e3-82ca-051f4a030e38,https://employbridge.atlan.com/assets/489a3203-9987-44e3-82ca-051f4a030e38/overview?utm_source=impact_analysis_report,,VW_SS_PAYROLL (default/snowflake/1715075875/PROD_DATALAKE/ACQUISITION/VW_SS_PAYROLL)